TransactionAmount,TransactionType,Location,Channel,CustomerAge,CustomerOccupation,TransactionDuration,LoginAttempts,AccountBalance,Target
-0.9763205656365878,1,36,0,1.423196390000514,0,-0.552642221900115,1.0,0.004753083919352834,2
0.2686329609123441,1,15,0,1.311032333424246,0,0.2942607775305022,1.0,2.2112400192766364,1
-0.5906135777067515,1,23,2,-1.4369870526943178,3,-0.9055184716628722,1.0,-1.0133895559206567,0
-0.39050659225759154,1,33,2,-1.04441285467738,3,-1.3430850213686911,1.0,0.8868808739999413,2
-0.7079757574565252,1,28,0,-1.4930690809824516,3,0.7318273272363212,1.0,-1.1003225944519075,0
-1.0004186581979795,0,39,0,-0.4275105435079065,0,0.2660306775494817,1.0,2.098398296675529,2
-0.43547136411251364,0,16,1,1.2549503051361122,2,2.4115182761070453,1.0,-0.5862420411201892,0
-0.6595733119123889,0,11,1,0.3576378525259688,1,-0.4820669719475636,1.0,1.0211273087036732,1
1.7802468355336234,1,26,0,0.5819659656785047,0,-0.002155272270213815,1.0,-1.0390277464899313,0
-0.9636355497233873,0,0,2,0.41371988081410277,1,-0.8631733216913414,1.0,0.6394711866849774,1
-0.371530633493129,1,22,2,-1.3248229961180498,3,0.7459423772268314,1.0,-0.909668057575008,0
0.6752410048726026,0,23,1,-1.156576911253648,3,-0.1291907221848064,1.0,-0.8863928573976064,0
1.6626783953624968,1,22,0,-1.04441285467738,3,0.040189877701317045,1.0,-1.2513881108757638,0
-0.4507002585557326,1,21,2,-1.4930690809824516,3,0.19545542759693021,1.0,-1.2232567868152797,0
0.5753078307271451,1,10,0,-0.4835925717960405,1,0.12488017764437878,1.0,-0.41544836193221807,1
0.8859016485476503,0,2,1,-1.4369870526943178,3,0.5342166273691771,1.0,-1.011115879420485,1
0.6697751037067521,1,8,2,-0.31534648693163864,1,1.606960426647959,1.0,0.004181475012463519,1
-0.9605416434030944,0,0,1,0.8062940788310404,2,-0.19976597213735783,1.0,0.7284916184565651,1
-0.7790324726125832,0,8,2,-1.4930690809824516,3,0.6894821772647903,1.0,0.3763958427655763,1
-0.8208345846734283,1,20,1,1.479278418288648,2,-1.1595893714920573,1.0,0.1677330734961845,0
-0.729908115593712,1,19,1,-0.3714285152197726,0,-0.3832616220139916,1.0,1.0341543777647013,0
0.16412768076023154,1,13,2,-1.268740967829916,3,0.3083758275210125,3.0,-0.9419001651773278,1
-0.5244383591893778,1,33,2,-1.3248229961180498,3,-0.3409164720424607,1.0,-0.8070463960100258,2
-0.9990092119854016,0,15,2,1.1427862485598441,2,2.199792526249391,1.0,-0.37228933763659344,1
-0.1758926238399474,1,24,0,-1.212658939541782,3,0.5342166273691771,5.0,-1.1279665198462492,0
-0.8861503847684986,1,25,1,-0.4275105435079065,1,-0.355031522032971,1.0,-0.6142406702558596,0
-0.5866258762272631,1,19,2,-0.034936345490968856,0,1.0847035769990783,1.0,-0.8475949028424905,0
-0.8316632567944531,1,11,1,-0.9883308263892461,3,2.298597876182963,1.0,-0.9548659904269031,1
-0.9274368457759614,0,24,2,0.8062940788310404,0,-1.4136602713212425,1.0,0.8270176001306656,0
-0.8215221194112711,1,3,0,-0.8761667698129781,0,1.9316065764296957,1.0,1.2070277947165777,1
0.33810834617136354,1,27,0,0.24547379594970092,1,0.6753671272742799,3.0,1.1729634764216395,0
1.992866953211523,1,20,2,-1.268740967829916,3,0.4212962274450948,1.0,-1.1979758518128112,0
-0.14725680200879296,0,37,1,0.021145682797165097,0,-0.990208771605934,1.0,2.4809577649131493,2
-0.5958732184512494,1,39,1,0.24547379594970092,1,-1.0607840215584854,1.0,0.17126224813113092,2
-0.7561719425793088,1,25,1,-1.04441285467738,3,0.3507209774925434,1.0,-1.0699737340517501,0
1.7092588738513494,1,23,0,1.1988682768479781,0,-0.42560677198552244,2.0,0.7199455549334736,0
0.12902903239335436,1,28,2,0.5819659656785047,2,1.3528895268187737,1.0,-1.0396631510337504,0
0.10441528877858063,1,35,0,1.0306221919835763,2,-0.016270322260724102,1.0,-0.19647111408404572,2
-0.9078077290105483,1,30,2,-0.3714285152197726,0,-1.4277753213117528,1.0,2.327493532540739,2
-0.19483420586751785,0,5,2,0.6941300222547726,0,-0.05861547223225497,1.0,2.108684705174061,1
-0.8345852794302853,1,40,0,-1.4369870526943178,3,-0.04450042224174468,1.0,-1.2380931001396316,2
0.02136109244716485,1,21,1,-0.9883308263892461,3,-1.230164621444609,1.0,-1.078139575578741,0
-0.45929444277876813,1,3,1,-1.04441285467738,3,-0.6373325218431768,1.0,-0.9146543245574268,1
0.7292812352670504,1,28,2,-1.4369870526943178,3,-0.21388102212786814,1.0,-1.1003174908009532,0
1.130320247850782,1,10,2,-1.04441285467738,3,0.25191562755897134,1.0,-1.2320401701077495,1
0.43742273905276247,0,18,2,1.36711436171238,2,0.011959777720296473,1.0,-0.3026576758406549,0
-0.7310769246480449,1,41,1,1.2549503051361122,0,0.3507209774925434,1.0,2.5036766671365243,2
-0.4420716975958049,1,36,1,-0.9322487981011122,3,0.3083758275210125,1.0,-1.0653115489049336,2
-0.6650735898151318,1,29,0,0.9745401636954424,2,-0.42560677198552244,1.0,-0.15714237982967535,0
0.06481328787883261,1,23,1,-1.100494882965514,3,-0.5244121219190945,1.0,-0.961924339696796,0
-0.816640622772587,0,8,1,0.6941300222547726,2,-0.9619786716249134,1.0,-0.3977412449460335,1
-0.0190315734011023,0,9,1,1.311032333424246,2,-0.8349432217103208,1.0,-0.11616261449156642,1
0.3039722464374663,1,16,1,0.18939176766156696,1,-1.3007398713971603,1.0,0.1370397166566069,0
-0.6394972975673779,1,18,1,-1.212658939541782,3,-0.9760937216154236,1.0,-1.0623973642099886,0
-0.1172459107019527,1,9,1,1.9279346445937195,2,1.508155076714387,2.0,-0.23440144797691875,1
0.17719084077924563,1,19,2,0.18939176766156696,1,1.4940400267238767,1.0,0.3975836497026407,0
1.0426595687758191,0,30,1,0.6380479939666386,1,-0.2279960721183784,1.0,0.8586143031891669,2
-1.00492201073085,1,5,2,0.3015558242378349,0,0.054304927691827334,1.0,2.2697304110391867,1
-0.33265054406811606,0,26,1,-0.14710040206723676,1,0.9294380271034651,1.0,-0.6401289397218981,0
0.001113194417693107,1,16,1,0.6380479939666386,2,1.4799249767333664,1.0,-0.5304821026182266,0
0.766476864584348,1,0,1,-1.100494882965514,3,0.11076512765386849,1.0,-0.8018253610837058,1
-0.6215870176465718,0,2,2,0.8623761071191745,1,-1.4701204712832838,1.0,-0.36435316040254906,1
-0.5656560667230562,1,1,0,-0.034936345490968856,1,1.409349726780815,1.0,-0.3182901587138882,1
-0.5324481388852469,1,9,2,-0.5396746000841744,1,0.2095704775874405,1.0,0.3269491204941685,1
-0.9396062106357799,1,4,0,0.9745401636954424,2,-0.9196335216533825,1.0,0.1971096883895346,1
-0.22061675853662455,0,17,2,-1.04441285467738,3,2.2562527262114322,1.0,0.3684928392627353,0
3.1434563369915245,1,16,1,-1.3809050244061838,3,-1.3572000713592014,1.0,-1.145165823562474,0
-0.7101071151438381,1,25,1,-0.034936345490968856,0,-0.7220228217862384,1.0,2.4452781410911526,0
-0.6112396198420369,1,24,1,-1.4369870526943178,3,-0.6091024218621562,1.0,-0.9521355371663155,0
-0.42574274757203734,1,39,2,0.3015558242378349,0,-0.7502529217672591,1.0,1.3868549360937827,2
-0.3932223544720707,1,10,0,-0.3714285152197726,1,-0.256226172099399,1.0,-1.1588002270870716,1
2.1466684740669675,1,11,0,1.0306221919835763,2,-0.4679519219570533,1.0,-0.09639362251981658,1
-0.13127161935394668,1,10,2,0.24547379594970092,0,0.7035972272553006,1.0,0.5316157310662891,1
-0.4929148914592833,1,36,2,-0.5957566283723084,0,0.5201015773786668,1.0,-0.9109669367428949,2
3.582378513630397,0,2,2,0.5258839373903706,1,-1.2725097714161397,1.0,0.9086275307165095,1
-0.9403281221105148,1,23,1,1.0867042202717103,0,-0.7220228217862384,1.0,1.218840194850466,0
-0.9917213437642673,0,36,2,0.7502120505429065,0,0.8306326771698932,1.0,1.987955290022976,2
0.3261108649960059,1,18,2,-1.156576911253648,3,-0.28445627208041957,1.0,-1.0977784244511544,0
1.4398140100907384,0,25,2,0.8623761071191745,2,-1.2160495714540986,1.0,-0.2627267107736689,0
-0.2552341325870118,1,18,0,0.46980190910223674,1,-0.9196335216533825,4.0,-0.5521317899666615,0
-0.23182357476346288,1,15,1,-1.3248229961180498,3,0.2095704775874405,1.0,-1.1420781147350805,1
1.1896888724635115,1,35,0,-0.8761667698129781,1,-0.6796776718147076,1.0,-1.0079873413854568,2
0.7239184643118761,0,23,1,0.3576378525259688,1,0.0966500776633582,1.0,0.6672580143060413,0
1.9269323718523943,0,37,1,-0.9883308263892461,3,0.9153229771129548,1.0,-0.8218469837776969,2
-0.9375779831591433,1,21,0,0.6941300222547726,1,-0.5949873718716459,1.0,-1.2484917889591591,0
-0.5172879979158121,1,5,1,1.479278418288648,2,0.18134037760641994,1.0,-0.759878453889744,1
-0.6293561601841959,1,35,1,-0.4275105435079065,0,0.774172477207852,1.0,0.6507349443412704,2
0.29314357431644156,1,13,1,-0.8200847415248442,1,-1.3572000713592014,1.0,0.9718234886589882,1
-0.35042331704135365,1,41,1,-0.9883308263892461,1,0.36483602748305366,1.0,1.1037350030510962,2
-0.5780660687411197,1,19,0,-0.7079206849485763,1,1.6210754766384692,1.0,0.730163064144121,0
0.030264667302229608,1,7,2,0.07722771108529905,1,-0.9760937216154236,1.0,1.1035359606638757,1
-0.6294936671317645,1,39,2,0.8062940788310404,2,-0.5667572718906253,1.0,0.2682214089622403,2
1.576152148604975,1,34,1,-0.9883308263892461,3,-1.4560054212927735,1.0,-1.1924511496547063,2
0.7070051097609421,1,20,2,-1.268740967829916,3,-1.2019345214635884,1.0,-1.1855178398331956,0
-0.5330669201493055,1,35,0,1.0306221919835763,2,0.37895107747356394,1.0,0.7369330571350919,2
-0.15031633159219357,0,9,2,0.3576378525259688,1,0.7600574272173417,1.0,0.9583830238706564,1
-0.2899202601111833,0,9,0,1.8718526163055855,2,2.284482826192453,1.0,-0.39932592856736526,1
0.1023183078281599,1,14,2,-0.25926445864350467,1,-0.2279960721183784,1.0,-1.1772652362399803,1
-1.0161632036945807,1,36,2,0.13330973937343302,0,-0.18565092214684756,1.0,1.7994672529762066,2
0.006819732741788612,0,2,2,1.311032333424246,0,-1.0325539215774648,1.0,2.1571004899526858,1
-0.8288787411061896,0,28,0,-0.09101837377910281,1,0.02607482771080676,2.0,0.15177906061282573,0
-0.6265716444959325,1,14,1,-0.31534648693163864,1,0.6612520772837697,1.0,0.35405461071282435,1
-0.8406012083864101,1,15,0,1.36711436171238,2,0.011959777720296473,1.0,-0.8784030918285411,1
-0.8070151364427871,0,11,2,0.07722771108529905,0,0.6330219773027491,1.0,1.5518559714485447,1
0.11534709111028169,1,32,2,-0.20318243035537073,1,-0.8349432217103208,1.0,-0.23502664521882918,2
-1.0074315125239763,1,42,0,0.6380479939666386,2,-1.1172442215205265,1.0,0.11860277758394756,2
-0.2872388746335962,0,11,2,1.423196390000514,0,1.7904560765245927,1.0,1.5458821480064555,1
1.0337559939207541,1,30,1,0.6941300222547726,0,0.5342166273691771,1.0,-0.9385776884060333,2
1.8672887333445274,1,40,2,-1.04441285467738,3,-0.5667572718906253,1.0,-1.0181640213884693,2
-0.8936101366740935,1,23,2,-1.04441285467738,3,-0.17153587215633725,1.0,-1.2222998522613355,0
2.538941418743203,1,35,1,0.7502120505429065,0,0.3366059275020331,1.0,0.11431826260775448,2
-0.5960107253988179,1,28,1,-0.6518386566604424,1,-0.21388102212786814,1.0,0.3103571512415138,0
0.014967019385226342,0,35,1,1.8718526163055855,2,-1.1313592715110368,1.0,0.010213990440527971,2
-0.30958375361348867,1,21,2,0.13330973937343302,1,2.1574473762778603,1.0,1.0848821164256555,0
-1.00492201073085,0,20,1,-1.212658939541782,3,1.8892614264581646,1.0,-1.0145072554796635,0
0.2861307199904444,1,0,0,0.6380479939666386,0,-0.6373325218431768,1.0,1.7203810777872988,1
-0.9692045810999141,1,25,0,0.3015558242378349,0,0.054304927691827334,1.0,2.3751335623743,0
0.6462270389356346,1,28,2,-1.4930690809824516,3,-0.7361378717767488,1.0,-0.8535585189826711,0
0.13164166439715716,1,35,1,-1.3248229961180498,3,-1.4418903713022633,1.0,-1.044493756662061,2
2.4040814799153285,1,39,2,1.36711436171238,0,-0.03038537225123439,1.0,0.4380122207376778,2
-0.21838227063863527,1,6,2,-1.212658939541782,3,-0.002155272270213815,1.0,-1.232430599405759,1
-1.0041313457823309,1,6,2,-0.8200847415248442,0,1.7763410265340824,1.0,0.08910367506769272,1
2.5845249718621837,1,11,0,1.9840166728818536,2,-1.3995452213307322,1.0,-0.7797699334843987,1
-0.24392418614949699,1,5,0,-1.4930690809824516,3,2.453863426078576,1.0,-1.212536567985627,1
-0.8671400492671439,1,20,0,-1.3809050244061838,3,-0.3973766720045019,1.0,-0.8764075643053827,0
2.321439804426619,1,34,1,1.8157705880174517,2,2.4820935260595967,1.0,-0.7786547857508689,2
0.4035960299508946,1,22,0,1.1988682768479781,0,0.2942607775305022,1.0,1.281035837205888,0
-0.11116122827204358,1,30,2,0.5258839373903706,2,-0.3973766720045019,1.0,-0.16520870016305605,2
-0.7861828338861488,1,41,2,1.9840166728818536,2,-0.10096062220378584,1.0,0.34684060008882334,2
0.11974731343247601,0,0,1,-0.5396746000841744,1,2.439748376088066,1.0,-0.5882937088038457,1
-0.10380460657712519,1,35,2,-1.3809050244061838,3,0.5624467273501977,1.0,-1.1476640607046378,2
0.6804318921433161,1,37,1,0.9184581354073084,0,2.044526976353778,1.0,1.9932503278881344,2
0.26870171438612833,1,40,0,-0.4275105435079065,1,1.7622259765435722,1.0,1.0127726320913706,2
-0.7393617182390512,0,39,2,-0.4835925717960405,1,0.7177122772458109,1.0,0.9992887862699267,2
-0.7041599396614975,0,27,2,-1.3809050244061838,3,-0.6796776718147076,1.0,-1.0057723568712604,0
1.7369665237864162,0,22,1,1.311032333424246,0,0.12488017764437878,1.0,1.8053619698285033,0
-0.9018261767913155,1,5,1,-1.212658939541782,3,0.02607482771080676,1.0,-1.143657694705458,1
-0.9266805575643344,1,42,2,0.9745401636954424,0,-0.29857132207092985,1.0,0.9127742471169346,2
-0.5450987780615553,0,21,2,0.46980190910223674,0,0.8024025771888725,1.0,1.277259135499655,0
0.03256790867400319,1,11,1,-0.6518386566604424,0,2.3268279761639836,1.0,0.05464892747474496,1
-0.8162624786667734,0,40,1,0.6380479939666386,2,-0.9478636216344031,1.0,-1.0325461097778823,2
-0.7674131355430391,1,26,1,1.423196390000514,0,0.06841997768233762,1.0,0.4664472120299466,0
-0.2275264826519451,1,22,0,-0.5957566283723084,1,0.6330219773027491,1.0,-1.2710193042717455,0
-0.5908885916018888,1,3,1,1.7036065314411837,2,2.086872126325309,1.0,0.14700459514501318,1
0.7156680474577619,0,6,2,0.46980190910223674,2,0.5906768273312183,2.0,-0.965517309968672,1
0.02149859939473349,1,15,1,-0.7640027132367103,1,-1.187819471473078,1.0,-0.2644925740038807,1
-0.055849058612586586,1,11,0,-1.268740967829916,3,-0.15742082216582698,1.0,-0.8950792713219431,1
1.6493402214483457,1,15,1,-0.7640027132367103,1,-1.4560054212927735,1.0,0.44196755022731404,1
-0.6150554376370647,1,20,1,0.6380479939666386,2,-0.3409164720424607,1.0,0.10792083613645254,0
-0.41563598692574755,1,6,2,1.7596885597293177,2,-1.089014121539506,1.0,0.06372321887161381,1
-0.12793707587540898,1,10,1,-1.268740967829916,3,-1.187819471473078,1.0,-1.0693510886353168,1
-0.4421748278064813,1,6,2,-1.156576911253648,3,-1.4277753213117528,1.0,-0.8388931779652907,1
-0.7730165436564583,1,32,1,-1.04441285467738,3,-1.4983505712643044,1.0,-1.0987761882127336,2
1.6998396479429028,1,3,0,-1.4369870526943178,3,0.6189069273122388,1.0,-1.1032087090666034,1
-0.2098224631524918,1,31,2,1.479278418288648,2,-1.0466689715679751,1.0,-0.9979714263875069,2
-0.907292077957166,0,30,2,0.5258839373903706,1,-0.9337485716438928,1.0,-1.1143908083076266,2
1.5199805605232144,1,30,2,-0.20318243035537073,0,0.040189877701317045,1.0,2.391243236611767,2
0.5343651370886038,1,0,0,0.7502120505429065,0,-0.5385271719096048,1.0,1.7742118362285093,1
0.008160425480582309,1,17,1,1.5914424748649159,2,-0.28445627208041957,1.0,0.7124840172381856,0
-0.6434162455730821,0,41,1,-1.4369870526943178,3,1.1411637769611196,1.0,-0.8015880413143277,2
-0.331412981539999,1,19,0,0.8062940788310404,0,2.5244386760311275,1.0,0.5703167162532723,0
0.34759632555359476,1,32,0,0.8062940788310404,1,-0.15742082216582698,1.0,-0.4805581889825854,2
2.5568860754009015,1,17,2,1.8718526163055855,2,-0.891403421672362,1.0,0.16143261639301537,0
1.142214598815463,1,23,0,0.9745401636954424,2,-0.9619786716249134,1.0,-0.9518140071561902,0
-0.9871492377576125,0,30,0,0.8623761071191745,1,1.7622259765435722,1.0,-0.9828595159116192,2
-0.2825636384162648,1,20,0,-0.3714285152197726,0,1.6210754766384692,1.0,0.7093299609483852,0
3.86550531867408,1,42,1,1.9279346445937195,2,0.6330219773027491,1.0,0.1481937458173812,2
0.5046292596769006,0,19,1,-0.09101837377910281,0,-0.2703412220899093,1.0,1.33579035646984,0
-0.0602492809347809,0,41,2,-1.100494882965514,3,-1.3572000713592014,1.0,-1.2249639580595164,2
-1.0134130647432091,0,20,1,0.3015558242378349,0,0.15311027762539936,1.0,1.6055540349649422,0
-0.9547663516052145,1,40,1,0.9745401636954424,2,-0.6373325218431768,1.0,-0.5948570039311647,2
0.6703938849708106,1,7,1,0.46980190910223674,2,1.6351905266289795,1.0,0.5969756370134206,1
0.032017880883729026,1,20,0,-1.4369870526943178,3,-1.4983505712643044,1.0,-1.0300657354140588,0
-0.9863241960722011,1,1,2,-0.09101837377910281,0,0.576561777340708,1.0,0.22030067832618905,1
0.054053369231592104,1,40,1,0.8062940788310404,1,0.4354112774356051,1.0,0.5532373483344751,2
-0.03456985847635054,1,10,0,1.311032333424246,2,-0.8067131217293002,1.0,-0.8537294912896425,1
1.727272283982832,1,28,0,-0.7640027132367103,1,-0.17153587215633725,1.0,1.1653258627684255,0
0.644370695143459,1,15,0,0.07722771108529905,1,0.3224908775115228,1.0,0.3261044662612205,1
0.7667862552163774,1,18,0,0.5258839373903706,0,1.3246594268377532,1.0,1.109759863002729,0
0.023492450134477684,1,32,0,1.1427862485598441,0,0.5342166273691771,1.0,2.153137504986618,2
1.3616756871348994,1,25,0,0.9184581354073084,2,-0.6796776718147076,1.0,-0.9452507120288712,0
-0.6230308405960417,1,21,0,0.5819659656785047,1,0.7177122772458109,1.0,0.41160337887429355,0
-0.7673443820692549,1,1,0,-1.100494882965514,3,1.1552788269516299,1.0,-1.1924460460037518,1
2.035597237168456,0,19,2,-0.6518386566604424,1,0.576561777340708,1.0,0.01208192668982732,0
0.21717098578480706,1,29,0,1.0306221919835763,0,0.8447477271604035,1.0,0.7277771073229533,0
-0.5724970373645927,1,5,1,-0.034936345490968856,0,-1.1031291715300162,1.0,0.1990312129738546,1
0.6442675649327825,0,25,2,1.7596885597293177,2,-1.1737044214825676,1.0,-0.515247704519434,0
0.8586408961921816,1,8,0,1.0867042202717103,2,0.15311027762539936,1.0,0.2710488315909609,1
0.5472907901600492,1,41,2,-0.9322487981011122,1,-1.484235521273794,1.0,0.8228887465085812,2
0.7155305405101935,1,6,0,0.7502120505429065,1,-0.7925980717387899,1.0,-1.2410787359479376,1
0.6479802525171338,1,16,1,0.6941300222547726,2,-0.016270322260724102,1.0,-0.6583770437092459,0
-0.4620789584670317,1,36,1,-0.20318243035537073,0,2.4256333260975556,1.0,1.2750109772542548,2
0.9747655134138381,1,4,0,-1.268740967829916,3,0.7882875271983623,1.0,-1.1772575807635488,1
0.7756898300714424,1,28,0,-0.09101837377910281,0,0.5483316773596874,1.0,2.1448006911526556,0
1.4008651671919414,1,31,1,-0.25926445864350467,0,0.054304927691827334,3.0,2.4781073758551337,2
-0.7102789988282987,1,13,0,0.3576378525259688,0,0.2942607775305022,1.0,2.5133429820441,1
-1.0067096010492416,1,38,0,-0.31534648693163864,0,-1.0043238215964443,1.0,2.3093347424450927,2
-0.8390198784893715,0,25,0,0.6380479939666386,2,0.576561777340708,1.0,0.4191925078434407,0
1.5078799491371804,1,22,1,0.18939176766156696,1,-1.5548107712263455,1.0,-0.4543560449828529,0
-0.9111078957521939,0,13,2,0.46980190910223674,2,0.7035972272553006,1.0,-0.9065905560495232,1
-0.7961520875848701,0,21,2,-0.7079206849485763,1,0.3366059275020331,1.0,0.4406099790734516,0
0.998451085132524,1,32,1,-0.7079206849485763,1,0.13899522763488906,1.0,-1.11747851713502,2
-0.42832100283894803,1,26,0,-1.3248229961180498,3,2.284482826192453,1.0,-0.9662930649137362,0
-0.7554844078414659,0,22,2,0.6380479939666386,1,0.9717831770749961,1.0,0.5516399055857575,0
-0.8849815757141658,1,21,1,0.8062940788310404,2,0.5059865273881565,1.0,-1.005353857493002,0
-0.6905467518522092,0,1,1,1.8157705880174517,2,-0.9196335216533825,1.0,0.3965909895920158,1
-0.9076358453260875,1,30,1,-1.268740967829916,3,-0.552642221900115,1.0,0.9227876102894073,2
0.6667843275971357,1,14,2,-1.212658939541782,3,-0.6514475718336871,1.0,-1.0808725806648058,1
1.8697982351376539,0,41,2,0.46980190910223674,0,0.9153229771129548,1.0,-1.1697909394173063,2
-0.7719164880759098,1,1,0,0.3576378525259688,1,0.5342166273691771,1.0,-0.582205053215283,1
1.5896965829404788,1,31,2,0.6941300222547726,1,-0.03038537225123439,1.0,0.2772114901183618,2
0.25299154562641935,1,37,1,1.2549503051361122,2,0.3224908775115228,1.0,-0.4106560336860652,2
-0.2720443569272693,1,39,0,-1.4930690809824516,3,-1.5124656212548147,1.0,-1.1073324590377338,2
-0.24306476772719343,1,1,2,-1.4930690809824516,3,-0.7784830217482797,1.0,-1.1081286285866154,1
-0.20662542662152256,0,18,1,-0.31534648693163864,0,-0.4820669719475636,1.0,0.8718327591609834,0
0.14800499115781685,1,38,2,-1.4930690809824516,3,0.39306612746407427,1.0,-1.169300988925687,2
0.46918684394110194,1,22,0,0.8062940788310404,0,1.3387744768282634,1.0,1.927836833605982,0
0.050821955963730736,0,32,1,0.5258839373903706,1,-1.0748990715489957,1.0,-1.240282566399056,2
-0.7664162101731671,1,4,0,-1.212658939541782,3,0.477756427407136,1.0,-1.0208995783000112,1
-0.9446595909589246,1,20,0,0.8062940788310404,1,0.576561777340708,1.0,0.4127746667683211,0
-0.8618804085226461,0,39,2,-1.100494882965514,3,-0.8349432217103208,1.0,-1.1825704814070472,2
0.653343023472308,1,21,1,-0.09101837377910281,1,0.6753671272742799,1.0,0.5046250729941069,0
-0.9806864112218898,1,13,0,-0.034936345490968856,1,0.5059865273881565,1.0,1.008380940445136,1
0.8175263188691794,1,19,2,-0.09101837377910281,1,-1.385430171340222,1.0,1.1607070586547217,0
-0.0941103667735409,0,42,2,-1.04441285467738,1,-0.9478636216344031,1.0,0.2986595832540992,2
-0.6879341198484062,1,10,1,1.5353604465767818,2,-1.4418903713022633,1.0,0.6039523278680435,1
-0.3506983309364908,1,37,2,0.9184581354073084,2,-0.3126863720614401,1.0,-0.21939671417107298,2
-0.16128251066078694,1,38,0,-0.14710040206723676,1,1.7763410265340824,1.0,0.8192166696469121,2
-0.8717121552737987,1,12,2,-0.9322487981011122,3,1.1976239769231607,1.0,-1.2195949172555198,1
-0.4098606951278676,1,3,2,-0.5396746000841744,0,0.8447477271604035,1.0,0.03767673622598955,1
3.018909419231293,0,18,0,0.5258839373903706,1,0.7600574272173417,5.0,-1.217193649481489,0
0.30452227422774064,1,27,1,0.07722771108529905,0,0.11076512765386849,1.0,0.45153944759223386,0
-0.4501846075023505,1,10,2,1.7596885597293177,2,-1.4136602713212425,1.0,-0.3102646675881424,1
0.1619963230729189,1,14,1,1.36711436171238,2,1.8751463764676544,1.0,-0.267177094405879,1
-0.7674475122799314,1,33,0,1.5353604465767818,2,-0.04450042224174468,1.0,-0.6848726476388545,2
1.2844311593382556,1,42,1,0.7502120505429065,1,-0.9337485716438928,1.0,0.03018712845045263,2
-0.14801309022042008,1,39,0,0.021145682797165097,1,0.44952632742611537,1.0,0.28689566780427767,2
-0.867415063162281,1,30,2,-1.100494882965514,3,-0.15742082216582698,1.0,0.22571820381425203,2
0.10860925067942188,0,35,2,-1.04441285467738,3,-0.7643679717577694,1.0,-0.8732152306334248,2
0.21981799452550216,0,30,1,0.7502120505429065,0,1.0988186269895885,2.0,0.8493231066267369,2
-0.8617429015750775,1,36,0,1.0867042202717103,0,-1.3007398713971603,1.0,0.8063605728928559,2
-0.9010355118427962,1,24,1,1.0306221919835763,2,0.12488017764437878,1.0,-0.1540776374315765,0
-0.5050155028453174,0,27,1,-0.4275105435079065,0,-0.3409164720424607,1.0,1.737853426829582,0
-0.19070899744046071,0,37,2,-1.268740967829916,3,1.606960426647959,1.0,-1.1765354141535052,2
-0.8572739257790991,1,41,1,-1.3248229961180498,3,-1.4560054212927735,1.0,-1.0915443148103923,2
-0.8753560893843659,1,4,0,-1.100494882965514,3,-0.5667572718906253,1.0,-1.1522828648183423,1
2.5373944655830565,1,29,2,-1.100494882965514,3,0.08253502767284791,1.0,-1.177995058326455,0
0.5008478186187652,1,19,0,0.46980190910223674,2,-0.4679519219570533,1.0,-0.5000898611849569,0
0.23047478296206614,1,9,2,1.311032333424246,2,-0.891403421672362,1.0,0.20427521432946918,1
1.5789710410301303,1,20,0,-1.268740967829916,3,-1.1737044214825676,1.0,1.1327135331700053,0
-0.9541475703411559,1,13,1,0.3576378525259688,1,-0.6796776718147076,1.0,0.05957139882023421,1
0.6093751769872582,1,31,0,-0.5957566283723084,1,-0.21388102212786814,1.0,-0.7892754833869117,2
-0.9053326039543139,1,37,0,0.6380479939666386,2,-1.3572000713592014,1.0,0.44248301897370523,2
-0.298789458229356,1,42,0,1.5914424748649159,2,-0.42560677198552244,1.0,-0.26141252065291876,2
-0.29817067696529737,0,13,1,0.3576378525259688,1,2.340943026154494,1.0,0.7272412239727446,1
1.5342812830703454,0,15,2,-0.31534648693163864,1,-0.18565092214684756,1.0,0.9566503343716477,1
-0.8135810931891863,1,31,2,-1.156576911253648,3,0.7035972272553006,1.0,-0.8193436429845787,2
-0.44915330539558623,1,23,1,-0.4275105435079065,0,-0.5385271719096048,1.0,1.8968040839779388,0
0.21782414378575776,1,26,2,-1.3248229961180498,3,-0.5244121219190945,1.0,-0.09077960647001027,0
0.2776052892411933,1,41,1,1.8718526163055855,2,0.08253502767284791,1.0,-0.7127385818497113,2
-0.19589988471117417,1,8,1,-0.8200847415248442,0,-0.9196335216533825,1.0,1.8606549242681407,1
-0.5712250980995833,0,13,1,-0.7640027132367103,1,-1.5124656212548147,1.0,-0.13946333292373966,1
3.174876674510943,1,10,2,-0.9883308263892461,3,0.4636413774166257,1.0,-1.2375495613129912,1
0.644370695143459,1,21,2,-1.4369870526943178,3,0.39306612746407427,1.0,-0.9085171842847978,0
0.07925151737353232,1,20,1,0.07722771108529905,0,0.8306326771698932,1.0,0.4877728175427792,0
1.4204599072204624,1,38,1,-1.3248229961180498,3,-0.9760937216154236,1.0,-1.0559922822622552,2
-0.9827146386985262,1,15,0,-0.14710040206723676,1,0.2660306775494817,1.0,0.7020827765931807,1
0.18165981657522418,1,7,0,-1.3809050244061838,3,-0.7925980717387899,1.0,-1.243255443079976,1
0.012904415171697924,1,8,2,0.5258839373903706,1,-1.3430850213686911,1.0,0.38088705560542124,1
-0.9238960418760709,1,21,2,1.1427862485598441,2,-1.2725097714161397,1.0,-0.2931444704617103,0
-0.22821401738978792,1,33,1,-0.9883308263892461,3,0.39306612746407427,1.0,-1.0119528781770017,2
-0.40793559786190764,1,28,0,0.7502120505429065,2,1.7481109265530619,1.0,-0.6295235530387187,0
-0.898560386786562,1,17,1,0.18939176766156696,0,-0.9196335216533825,1.0,0.34852735672924234,0
-0.5499458979633473,0,20,1,0.46980190910223674,0,2.2703677762019425,1.0,-0.8788215912067995,0
-0.22295437664529014,1,21,0,-0.6518386566604424,1,-0.6796776718147076,1.0,0.47097670225194943,0
0.4762684517408833,1,20,1,-0.7640027132367103,0,-0.1291907221848064,1.0,2.3659495424819124,0
1.967496921385122,1,20,1,-0.8761667698129781,0,-0.9196335216533825,1.0,1.2814237146784204,0
0.19355416753990531,1,6,0,1.6475245031530499,2,0.11076512765386849,1.0,0.5780053664160296,1
-0.9469628323306982,1,18,2,0.46980190910223674,1,-0.11507567219429611,1.0,-0.16728588610148448,0
-0.3984476184796764,1,23,1,-1.04441285467738,3,-0.9478636216344031,1.0,-0.9996734939807891,0
-0.5888259873883602,1,30,1,-1.04441285467738,1,2.397403226116535,1.0,0.08533207701241358,2
-0.03412296089675271,1,41,2,-0.4275105435079065,1,-0.990208771605934,1.0,-0.3675837714566648,2
-0.6164648838496426,1,1,1,0.5819659656785047,1,0.040189877701317045,1.0,-0.7626803582636927,1
1.2159870761860005,1,16,0,-1.3248229961180498,3,0.6471370272932594,1.0,-0.8397582468020562,0
-0.795636436531488,1,11,0,-0.4275105435079065,1,-1.230164621444609,1.0,-0.39135402577664025,1
-0.6860433993193384,1,10,1,1.36711436171238,2,0.6471370272932594,1.0,-0.3901189422456828,1
-0.5470926288012995,1,42,2,1.479278418288648,2,-1.2725097714161397,1.0,0.42343364178652165,2
-0.9082546265901461,1,26,1,-1.04441285467738,3,0.8024025771888725,1.0,-0.9311187025362224,0
-0.9432501447463469,1,1,1,0.7502120505429065,0,0.6189069273122388,1.0,1.4533427489018296,1
5.266185463344416,1,35,2,0.5819659656785047,1,1.6634206266100002,1.0,-0.7292820664182996,2
-0.9351716115766934,1,36,0,1.1427862485598441,0,2.298597876182963,1.0,1.9904356643867995,2
-0.9660762980427293,1,20,1,-0.9883308263892461,1,-1.0748990715489957,1.0,-0.5857546424540468,0
1.394986745183385,1,35,2,0.07722771108529905,1,-0.8208281717198105,1.0,-0.38530364757023533,2
3.3476197773939576,1,15,0,0.13330973937343302,1,0.49187147739764625,1.0,-0.7586025411511517,1
-0.9334871514689784,1,15,0,1.8157705880174517,2,1.5222701267048973,1.0,-0.5124585592728711,1
-0.5180442861274392,1,38,1,-0.14710040206723676,1,1.9598366764107162,1.0,0.43486326809883186,2
-0.32996915859052894,1,22,0,-0.9883308263892461,3,-1.4418903713022633,1.0,-1.1093075719570746,0
0.03548993130983536,1,26,1,1.7036065314411837,2,-1.145474321501547,1.0,0.08528869597930165,0
-0.9863241960722011,1,24,0,0.46980190910223674,1,0.3366059275020331,1.0,0.6057309502256414,0
-0.013565672235251769,1,14,2,-0.3714285152197726,1,0.2236855275779508,1.0,0.32371850944005276,1
-0.5453737919566924,1,4,2,-0.9883308263892461,3,-1.2583947214256295,1.0,-0.9665865248436124,1
0.46248338024713426,1,7,0,-0.8761667698129781,0,0.23780057756846107,1.0,2.1830295886263595,1
-0.5729439349441905,1,5,2,-0.09101837377910281,0,-0.7784830217482797,1.0,-0.9584870307790282,1
0.7515573607731586,1,23,0,-0.14710040206723676,1,0.11076512765386849,1.0,-0.7854247787418399,0
0.2626514086931113,0,37,1,-1.04441285467738,3,0.8165176271793829,1.0,-0.8732535080155824,2
-0.4536566579284569,1,29,0,1.311032333424246,0,1.508155076714387,1.0,1.717109637525548,0
1.130320247850782,1,6,0,-1.212658939541782,3,0.36483602748305366,1.0,-1.14997346276149,1
0.5801205738920452,1,2,1,0.6380479939666386,2,0.6330219773027491,1.0,0.08394133212734797,1
1.6870171250821338,1,31,2,0.7502120505429065,2,1.564615276676428,1.0,-0.811443191307215,2
0.7809838475528321,1,7,0,1.36711436171238,2,0.19545542759693021,1.0,-0.10206888238107527,1
1.1502243785113324,1,10,0,1.9840166728818536,2,-0.6232174718526665,1.0,-0.1862433975714895,1
-0.5972826646638272,1,28,0,1.5353604465767818,2,-0.42560677198552244,1.0,-0.45264887373861634,0
-0.8740153966455724,1,14,0,0.9745401636954424,2,0.02607482771080676,1.0,-0.1879684315940664,1
-0.04911121818172678,1,36,1,-0.9322487981011122,3,-1.28662482140665,1.0,-0.9120820844764247,2
-0.4454062410743427,1,37,0,1.479278418288648,2,-0.11507567219429611,1.0,0.22175266702270705,2
-0.27331629619227854,0,10,1,-0.25926445864350467,1,0.040189877701317045,1.0,0.4097328907995169,1
-0.5680968150423984,1,28,0,-1.3248229961180498,3,0.3224908775115228,1.0,-1.0898473508680644,0
-0.48377067944597346,0,9,1,-0.14710040206723676,0,2.3832881761260247,1.0,2.2636545145780094,1
-0.5270853679300727,1,0,2,-1.3809050244061838,3,0.5483316773596874,1.0,-1.0784687610652979,1
1.186423082458758,1,1,0,1.0867042202717103,0,-0.3832616220139916,1.0,-1.0354602944728273,1
3.7623407312607613,1,12,1,-0.20318243035537073,0,2.496208576050107,1.0,2.1063038520038475,1
-0.30948062340281224,1,28,2,-0.7079206849485763,0,-1.187819471473078,1.0,0.8638736154976442,0
-0.008924812754812486,1,23,0,0.8062940788310404,2,-1.187819471473078,1.0,0.30292113180099756,0
-0.92083651229267,1,2,0,-0.034936345490968856,0,-0.29857132207092985,1.0,-1.1770177091686933,1
-0.4051510821736441,1,31,1,0.7502120505429065,1,0.3366059275020331,1.0,0.8517090634479048,2
-0.9776268816384892,0,10,2,-0.3714285152197726,1,0.39306612746407427,1.0,0.8291407189276837,1
-0.6928843699608748,1,27,1,0.7502120505429065,2,-0.355031522032971,1.0,0.5329835095220603,0
-0.6774148383594107,1,35,0,-0.9883308263892461,3,0.5624467273501977,1.0,-0.8671138159174762,2
-0.88841924940338,1,41,1,0.41371988081410277,1,0.6894821772647903,1.0,0.8685791816775729,2
-0.6831901301572907,1,39,0,-0.25926445864350467,0,-1.0466689715679751,1.0,-0.9751708657488617,2
-0.5990015015084343,1,19,2,0.6380479939666386,1,1.7481109265530619,1.0,-0.28936776875547704,0
0.4428886402186132,1,29,0,-1.4369870526943178,3,1.804571126515103,1.0,-1.1782783109544226,0
-0.5650372854589978,0,38,2,-1.100494882965514,3,0.040189877701317045,1.0,-0.8220358188630086,2
-0.26025313617326457,1,41,2,0.24547379594970092,1,-0.6655626218241973,1.0,-0.504290165920403,2
-0.2824261314686963,0,41,2,-1.268740967829916,3,0.28014572753999195,1.0,-0.8298265420448535,2
-1.0031000436755666,1,8,1,1.9840166728818536,2,2.298597876182963,5.0,0.6645199055690222,1
-0.5728408047335141,1,5,1,1.2549503051361122,2,1.945721626420206,1.0,0.39521300383433616,1
-0.3273909033236183,0,22,1,0.9184581354073084,0,0.40718117745458454,1.0,0.6503751369489874,0
-0.10212014646941019,1,24,0,-1.04441285467738,3,0.7177122772458109,1.0,-1.2649000267774568,0
-0.3549266695742243,1,17,2,-1.212658939541782,3,0.13899522763488906,4.0,-1.2181761022902051,0
0.19156031680016114,1,25,0,-0.14710040206723676,0,0.3224908775115228,1.0,-1.1196986053001707,0
0.227999657905832,1,7,0,0.3576378525259688,1,0.36483602748305366,1.0,0.7722196998336017,1
-0.35399849767813646,1,21,0,0.07722771108529905,0,0.3366059275020331,1.0,0.25711331266005516,0
-0.23199545844792355,1,33,1,1.9840166728818536,2,1.1835089269326504,1.0,-0.64616400697544,2
1.5166460170446765,0,40,1,0.7502120505429065,0,-1.0325539215774648,1.0,1.7383178590664297,2
0.3171385366671569,0,29,0,1.0867042202717103,0,-0.8349432217103208,1.0,0.5109510483520476,0
-0.19273722491709713,1,9,2,0.7502120505429065,1,0.054304927691827334,1.0,-0.18139748099031586,1
-0.19149966238898006,0,35,0,-1.4930690809824516,3,2.1292172762968398,1.0,-0.9607249817225192,2
-0.5605683096630193,1,37,0,-1.212658939541782,3,0.8447477271604035,1.0,-0.9736703923682771,2
-0.35943002210709496,1,28,1,1.9840166728818536,2,2.0727570763347987,1.0,-0.5522338629857487,0
1.640230386171928,0,0,2,0.8062940788310404,0,-1.1595893714920573,1.0,0.2255829570639613,1
-0.10837671258378005,1,12,0,1.5353604465767818,2,-0.28445627208041957,1.0,0.6592223158783868,1
-0.4974182439921539,1,23,0,0.021145682797165097,1,0.3366059275020331,1.0,-0.11122993584416843,0
2.230513335346903,1,5,1,0.46980190910223674,2,1.8469162764866338,1.0,0.12389781544910579,1
-1.0071564986288393,1,27,1,-0.5957566283723084,1,-0.42560677198552244,1.0,-0.4594750068900854,0
-0.6152960747953097,1,11,0,0.6941300222547726,1,0.15311027762539936,1.0,0.7412201239367623,1
2.7453393470436254,1,7,2,-1.156576911253648,3,0.37895107747356394,1.0,-1.0206520512287243,1
-0.613199093844889,1,40,1,-0.8200847415248442,1,0.040189877701317045,1.0,-0.42315487487331577,2
-0.6555512336960083,1,41,2,0.7502120505429065,0,-1.2442796714351192,1.0,-1.2119930291589867,2
-0.6262622538639031,1,33,0,0.46980190910223674,2,-0.891403421672362,1.0,-0.3053039188604954,2
0.4810811949057833,1,30,0,1.2549503051361122,2,1.7904560765245927,1.0,0.06771682574340775,2
1.3035446250502867,1,15,2,-0.9883308263892461,1,2.355058076145004,1.0,-1.1395926367203026,1
-0.007205975910205374,1,19,1,-0.5396746000841744,0,1.804571126515103,1.0,0.5933597003122498,0
0.0034164357894664976,0,4,1,-0.4835925717960405,1,-0.5102970719285842,1.0,0.13312266454912858,1
0.5617977731285332,0,10,1,-1.156576911253648,3,-1.0748990715489957,1.0,-0.7906585727955456,1
-0.6792024286778022,1,19,0,0.3015558242378349,1,-0.1433057721753167,1.0,-1.1840964730424035,0
-0.731351938543182,1,42,0,1.1988682768479781,2,0.6471370272932594,1.0,-0.7450880734239815,2
-0.7505685344658896,1,33,1,-0.31534648693163864,1,0.7035972272553006,1.0,0.3466798350837607,2
1.6514372023987665,0,29,2,1.7036065314411837,2,-0.18565092214684756,1.0,0.6686002745070405,0
0.3034909721209763,1,31,2,-0.14710040206723676,1,0.2095704775874405,1.0,0.1109473011523935,2
-0.9756330308987448,1,20,0,-0.5957566283723084,1,0.4212962274450948,1.0,0.4908196971625376,0
-0.2245013298054366,0,16,1,0.5819659656785047,2,0.3507209774925434,1.0,-0.6206763741093193,0
3.229570062906341,0,2,1,0.8623761071191745,1,0.5483316773596874,1.0,1.1015174667114227,1
-0.014184453499310157,1,31,1,1.311032333424246,2,0.4636413774166257,1.0,0.5813737760459136,2
-0.5561337106039329,1,24,2,-1.4369870526943178,3,-0.10096062220378584,1.0,-1.232213694240198,0
-0.16169503150349265,1,7,2,-0.4835925717960405,0,-1.2160495714540986,1.0,1.2524553918614196,1
-0.8522892989297384,0,34,0,1.8157705880174517,2,-1.2019345214635884,1.0,0.67841714711777,2
-0.9511911709684318,1,14,1,-0.5957566283723084,1,1.945721626420206,1.0,1.148455744538758,1
-0.7728446599719977,1,4,1,-1.3248229961180498,3,-1.3995452213307322,1.0,-0.9605514575900707,1
-0.783329564724101,1,22,0,-0.3714285152197726,0,1.9739517264012265,1.0,1.6666855660963784,0
1.3447967093208573,1,12,0,-1.268740967829916,3,-0.28445627208041957,1.0,-1.2567086669956937,1
1.5364126407576582,1,13,2,-0.9322487981011122,3,1.564615276676428,1.0,-1.2588190266653256,1
-0.8370260277496272,1,25,0,0.7502120505429065,1,0.5624467273501977,1.0,0.521097106449334,0
-0.8389511250155872,1,21,1,-0.9883308263892461,3,0.36483602748305366,1.0,-1.1800773479158375,0
-0.6553105965377634,1,2,2,1.2549503051361122,2,0.3366059275020331,1.0,0.6185411141211085,1
1.0760393802980892,1,11,0,-1.3809050244061838,3,2.284482826192453,4.0,-1.0650665736591238,1
-0.2697411155554958,1,5,0,0.18939176766156696,0,-1.0748990715489957,1.0,0.7451448315206723,1
-0.7032661445023018,1,30,2,0.3576378525259688,1,-0.32680142205195045,1.0,-0.5875281611606903,2
-0.07623446358962697,0,26,1,0.9745401636954424,2,-0.18565092214684756,1.0,-0.8462373316886281,0
0.270523681441412,1,25,1,1.311032333424246,2,2.044526976353778,1.0,0.6776515994746146,0
1.3724012290452479,1,1,2,1.311032333424246,2,-0.41149172199501216,1.0,-0.7853405685010928,1
0.013970094015354342,1,18,2,1.9840166728818536,2,0.25191562755897134,5.0,-0.3105504720415871,0
0.49723826124509013,1,36,1,-1.212658939541782,3,0.2236855275779508,1.0,-0.8429480286485371,2
1.1200072267831391,1,38,0,-0.9883308263892461,3,1.8186861765056133,1.0,-1.1182389611272212,2
0.5064168499952921,1,14,0,-0.5396746000841744,0,1.6210754766384692,3.0,1.8018634170992829,1
-0.8067744992845421,1,13,0,-1.04441285467738,3,-1.187819471473078,1.0,-0.9052253294192294,1
0.16759973118633809,1,18,0,-0.034936345490968856,0,-0.45383687196654304,1.0,0.5396003929844,0
-0.9989748352485095,1,9,2,1.0306221919835763,2,-1.187819471473078,1.0,0.35526417598900983,1
-0.3150152780424471,1,41,0,1.1427862485598441,2,2.242137676220922,1.0,-0.2830494488739677,2
0.4297567267258149,1,8,0,0.8623761071191745,1,-1.0325539215774648,1.0,-1.1944594363052508,1
-0.9015511628961782,0,7,2,0.5258839373903706,2,0.7318273272363212,1.0,-0.07602750338640572,1
-0.7201794990532357,0,33,1,-0.9322487981011122,3,-0.21388102212786814,1.0,-1.2368733275615373,2
3.895584963454705,1,28,0,-1.4930690809824516,3,0.6753671272742799,1.0,-1.0297773791351368,0
-0.9475472368578647,1,27,2,0.5258839373903706,2,-0.5949873718716459,1.0,0.39244937684254516,0
0.1264851538633358,1,13,2,-1.3248229961180498,3,1.9739517264012265,1.0,-0.8757619524596549,1
0.07278869083780959,0,29,2,0.5258839373903706,2,-0.8631733216913414,1.0,0.10473360611544892,0
-0.5287010745640034,1,28,0,-1.4930690809824516,3,-0.45383687196654304,1.0,-1.2201282487802514,0
0.17395942751138427,0,14,1,1.36711436171238,2,0.40718117745458454,1.0,-0.6757243533031474,1
0.23415309380952534,1,28,0,0.9745401636954424,0,0.8588627771509137,1.0,1.4722517756877682,0
-0.6840495485795942,1,30,2,0.5819659656785047,2,-1.526580671245325,1.0,0.08198663381182454,2
0.8293519163600765,1,25,0,0.5819659656785047,2,0.0966500776633582,1.0,-0.2996210035228051,0
-0.3750714373930196,1,28,1,0.7502120505429065,1,-0.3973766720045019,1.0,0.5669534102743429,0
3.8453605508552853,1,26,0,0.07722771108529905,1,-0.8772883716818517,1.0,-0.34522467662557266,0
1.416472205740974,1,12,0,-1.04441285467738,3,1.508155076714387,1.0,-1.1809730386583295,1
0.03638372646903103,1,25,2,0.46980190910223674,0,0.7035972272553006,1.0,1.250082194167638,0
-0.45176593739938903,1,23,0,0.6941300222547726,2,0.2660306775494817,1.0,0.012148274152233947,0
0.7119209831365185,1,18,0,-0.8200847415248442,0,0.11076512765386849,5.0,0.05948208492853289,0
-0.795877073689733,1,33,1,-1.212658939541782,3,-0.5808723218811356,1.0,-0.8822333818697955,2
-0.2566779555364817,1,9,1,1.8157705880174517,2,0.8165176271793829,1.0,0.7244189049949783,1
1.2439353632793122,1,11,2,0.8623761071191745,1,-0.08684557221327555,1.0,-0.29751574750412774,1
1.1576841304169272,1,6,0,-0.9883308263892461,3,-1.0607840215584854,1.0,-1.1496187590201612,1
-0.03986387595774052,0,4,1,-0.8200847415248442,1,-0.849058271700831,1.0,0.8738384939860506,1
0.08547370675101008,0,30,1,1.7596885597293177,2,0.6753671272742799,1.0,-0.6869498335772828,2
1.2251312881993104,1,8,1,-1.4369870526943178,3,-0.08684557221327555,1.0,0.4294278798324284,1
-0.4817080752324449,1,30,1,0.18939176766156696,0,0.28014572753999195,1.0,0.1113453859268344,2
-0.14894126211650785,1,10,1,0.6941300222547726,1,-0.891403421672362,1.0,0.2299925114885364,1
1.711493361749339,1,33,2,1.1427862485598441,2,-0.016270322260724102,1.0,0.0956924884497835,2
-0.511684589802393,1,29,0,-0.31534648693163864,1,0.3083758275210125,1.0,0.14901032997008049,0
-0.7903424190500982,0,14,2,-0.25926445864350467,0,0.9717831770749961,1.0,1.2252631395765397,1
-0.8956039874138377,1,12,0,0.6941300222547726,2,-1.1031291715300162,1.0,0.6752018470165172,1
-0.5881728293874094,0,26,1,-1.4369870526943178,3,-0.7361378717767488,5.0,-1.1897691810781852,0
0.5164548571677976,1,1,0,-1.100494882965514,3,0.576561777340708,1.0,-1.0644668946719853,1
2.8133365326162827,1,36,0,0.3576378525259688,1,-0.9196335216533825,1.0,-1.1855918427720338,2
-0.9950215105059131,1,19,2,0.18939176766156696,0,2.1574473762778603,1.0,1.4506531248488772,0
0.8309332462571147,1,37,2,0.07722771108529905,1,0.8024025771888725,1.0,-0.7763504873449711,2
0.22494012832243118,1,18,0,1.0306221919835763,2,0.3083758275210125,1.0,-1.034681987702286,0
-0.8016523654876129,0,11,1,0.3576378525259688,2,-0.6796776718147076,1.0,0.4493831550640126,1
0.2065485740851352,1,4,0,-1.4930690809824516,3,0.5201015773786668,1.0,-1.1416162343237102,1
-0.44997834708099765,1,35,1,-0.8200847415248442,0,-0.5102970719285842,1.0,1.589084553335192,2
-0.6056705884655099,1,6,1,0.8623761071191745,0,0.18134037760641994,1.0,2.4031092250806756,1
-0.5518366184924152,1,21,2,0.5258839373903706,1,-0.7079077717957282,1.0,0.0025738249618371205,0
0.8130917198100932,1,28,2,0.5819659656785047,0,-1.0607840215584854,1.0,2.2200744390786498,0
0.5700481899826474,1,23,2,0.3015558242378349,1,1.1129336769800988,1.0,-0.6864905049913896,0
0.07577946694742599,1,25,2,0.8623761071191745,2,-0.3409164720424607,1.0,-0.5148598270469019,0
-0.2858981818948026,1,0,2,-0.9322487981011122,3,-0.9619786716249134,1.0,0.6996636460408096,1
1.244176000437557,1,26,1,-1.3809050244061838,3,-0.5102970719285842,1.0,-1.194038385101515,0
0.1640245505495552,1,33,1,-0.25926445864350467,1,0.2095704775874405,1.0,0.26110691953184934,2
-0.5313137065678062,1,30,0,1.479278418288648,2,-0.5667572718906253,1.0,0.24855704183505498,2
2.6303491621394093,0,29,2,-1.3248229961180498,3,0.11076512765386849,1.0,-0.9831861495726988,0
0.8377398401617591,1,23,0,-1.268740967829916,3,0.06841997768233762,1.0,-0.9287378493660091,0
-0.8852909663461951,1,8,1,-1.04441285467738,3,-0.8067131217293002,1.0,-0.9229120318015965,1
-0.6114115035264976,1,25,1,-1.4930690809824516,3,0.15311027762539936,2.0,-0.8039408244042919,0
0.6895073506828417,1,24,2,-0.9322487981011122,3,1.7481109265530619,1.0,-0.8608873617531454,0
-0.2436491722543598,1,12,0,0.46980190910223674,0,1.409349726780815,1.0,-1.087272558961585,1
3.0415293121063223,1,40,2,-0.8200847415248442,1,-1.2160495714540986,1.0,0.66413202809649,2
-0.8204220638307226,1,6,2,-0.5396746000841744,1,0.7882875271983623,1.0,0.09657286823941218,1
-0.23251110950130568,1,23,2,-1.4369870526943178,3,0.8306326771698932,1.0,-1.2583188688717974,0
-0.8009992074866622,0,39,2,-0.034936345490968856,1,0.5483316773596874,1.0,1.0914964480625182,2
0.5465688786853141,0,26,2,0.5819659656785047,1,-0.8067131217293002,1.0,0.8873299952839259,0
0.8729072420024206,0,6,0,-0.034936345490968856,1,-0.28445627208041957,1.0,-1.166567983839622,1
0.2716581137588526,1,15,0,-0.5957566283723084,1,-0.8349432217103208,1.0,-1.086290106152869,1
-0.32154685805195415,0,36,1,-1.4930690809824516,3,0.8306326771698932,1.0,-1.2067235095486002,2
0.4200281101853385,1,42,1,-0.5396746000841744,0,0.3366059275020331,1.0,0.8838850308897265,2
-0.690993649431807,1,13,0,-1.156576911253648,3,1.1552788269516299,4.0,-0.8967149914528185,1
-0.5964576229784158,1,5,1,-0.9883308263892461,3,0.7177122772458109,1.0,-1.2668011367579592,1
-0.7707820557584691,1,5,2,-0.31534648693163864,0,-1.2160495714540986,1.0,0.3523627504214509,1
-0.659813949070634,1,31,0,0.6380479939666386,0,2.2139075762399014,4.0,0.6109596406283927,2
-0.17933029752916163,1,14,1,0.5258839373903706,1,0.7318273272363212,1.0,0.7382549027322737,1
1.11488509298621,1,16,0,1.0867042202717103,0,0.06841997768233762,1.0,0.568655477867625,0
-0.8744279174882781,1,29,0,-0.5957566283723084,0,0.3507209774925434,1.0,1.2340235564397148,0
3.385296681027745,1,2,1,-1.4369870526943178,3,-0.7361378717767488,1.0,-0.8325595471309183,1
-1.0177789103285113,0,11,0,-0.6518386566604424,1,-1.3007398713971603,1.0,-0.5311047480346597,1
1.6244858406753266,1,17,2,-0.7640027132367103,0,0.23780057756846107,1.0,0.5372144361632325,0
-0.12989654987826108,1,2,1,1.0306221919835763,0,-0.10096062220378584,1.0,1.5022076549644392,1
0.19939821281156966,0,13,1,-1.04441285467738,3,0.9435530770939755,1.0,-1.0782059230411478,1
-0.931699561150587,0,41,1,1.9840166728818536,2,-1.145474321501547,1.0,-0.33691593287185934,2
-0.6126146893177227,1,40,0,1.2549503051361122,0,-0.849058271700831,1.0,0.4093603242798482,2
-0.6590232841221147,1,41,2,-0.4275105435079065,0,2.2703677762019425,1.0,1.1017267164005518,2
-0.9833677966994768,1,13,2,-0.4275105435079065,1,-0.8772883716818517,1.0,0.2857371390376358,1
0.2323998802280261,1,15,1,-1.3248229961180498,3,-0.07273052222276526,2.0,-1.2056874684048633,1
-0.9237585349285022,0,3,1,-0.9322487981011122,3,-0.8067131217293002,1.0,-0.875346004906874,1
0.07478254157755398,1,10,0,0.8623761071191745,0,0.39306612746407427,1.0,-1.1181904764431547,1
0.17890967762385276,0,20,2,1.7036065314411837,2,-1.1595893714920573,1.0,-0.6865262305480702,0
-0.461185163307836,0,41,1,0.41371988081410277,2,-0.6655626218241973,1.0,0.2204231659490938,2
-0.43853089369591425,1,28,1,-1.156576911253648,3,-0.8772883716818517,1.0,-1.0953899158045095,0
-0.8821283065521179,1,0,2,-1.156576911253648,3,-1.5124656212548147,1.0,-1.062900073828994,1
-0.6073206718363328,0,34,1,0.41371988081410277,1,1.7339958765625516,1.0,0.5796972267074031,2
0.18000973320440128,1,26,1,0.3576378525259688,2,0.6330219773027491,1.0,0.19031417714379176,0
-0.2670597300779087,0,12,2,-1.04441285467738,1,0.49187147739764625,1.0,0.005970304671969809,1
-0.9097328262765082,1,39,0,1.5353604465767818,2,-0.1291907221848064,1.0,-0.3706561693311952,2
-0.6645235620248574,1,10,0,1.423196390000514,0,1.4516948767523459,1.0,-0.9547383991530439,1
-0.17816148847482877,1,14,2,-0.8761667698129781,0,0.2942607775305022,1.0,0.5630031844356608,1
-0.8568270281995013,1,9,0,-1.4369870526943178,3,0.7882875271983623,1.0,-0.9161114169048993,1
0.11655027690150675,1,5,0,1.36711436171238,2,-1.4560054212927735,1.0,0.21678936646958288,1
-0.6187681252214161,1,22,2,0.5258839373903706,1,0.6612520772837697,1.0,-1.0712368876629565,0
-0.7339645705469848,0,19,1,1.2549503051361122,0,-1.5548107712263455,1.0,0.14686169291829096,0
-0.008443538438322542,1,17,2,-1.3248229961180498,3,-0.5385271719096048,1.0,-1.028800029977375,0
0.7433413206559366,1,30,1,-1.100494882965514,3,0.5624467273501977,1.0,-0.8933032007898225,2
-0.6995878336548426,1,42,2,-0.31534648693163864,0,-1.2160495714540986,1.0,0.27516492608565984,2
-0.7482652930941159,1,8,1,0.8062940788310404,2,0.5201015773786668,1.0,0.22815519714496346,1
-0.8382635902777444,1,41,2,1.311032333424246,0,-1.1737044214825676,1.0,2.47265412481039,2
-0.4098263183909755,0,9,1,1.7596885597293177,2,-0.3832616220139916,4.0,-0.09832025075509107,1
0.7588796057311848,1,18,2,-1.268740967829916,3,-0.5385271719096048,1.0,-0.8389340071729257,0
-0.9881461631274847,1,21,2,0.5258839373903706,0,0.576561777340708,1.0,2.0790069748744027,0
-0.6568231729610176,1,24,1,-0.9883308263892461,3,-0.6655626218241973,1.0,-0.9404787983865359,0
-0.5449612711139867,1,13,0,-1.4369870526943178,3,2.016296876372757,3.0,-1.2304401755335548,1
0.16505585265631953,1,9,1,-0.20318243035537073,1,1.310544376847243,1.0,1.1376181417371543,1
-0.5501521583847001,1,5,1,-0.034936345490968856,1,0.5483316773596874,1.0,-1.0266284264962908,1
-0.48153619154798416,1,27,0,0.24547379594970092,1,-0.002155272270213815,1.0,1.092348757771898,0
1.8285461508670833,0,6,2,1.1988682768479781,2,-0.3409164720424607,1.0,-0.21445638004724327,1
-0.6449288219963364,1,33,2,0.6941300222547726,0,-1.0184388715869546,1.0,1.3755222791496056,2
0.10761232530954969,1,10,2,-0.5957566283723084,0,-0.7361378717767488,1.0,1.1469144419505382,1
1.1595404742091027,1,10,0,0.13330973937343302,0,-0.19976597213735783,1.0,-0.9838496241967669,1
1.6221482225666612,1,36,1,-1.268740967829916,3,-1.3713151213497117,1.0,-0.9821092792213267,2
-0.4229238551468817,1,7,1,-1.04441285467738,3,0.6894821772647903,1.0,-1.034340043088343,1
-0.9996279932494602,1,19,1,1.8718526163055855,2,2.284482826192453,1.0,0.16946321116971566,0
-0.9128954860705851,1,28,2,-1.100494882965514,3,0.8870928771319343,4.0,-0.9055672740331722,0
-0.8318351404789138,1,12,0,-0.8200847415248442,0,-0.256226172099399,1.0,0.9559358232380363,1
0.43522262789166544,0,24,2,0.6380479939666386,2,0.8165176271793829,1.0,0.2925173393305157,0
-0.9019293070019918,1,24,1,1.1427862485598441,0,-0.4679519219570533,1.0,1.0155209481302987,0
-1.0129317904267192,1,13,0,1.8718526163055855,2,-0.17153587215633725,1.0,0.6297257651876089,1
3.5894601214301782,0,13,1,-1.3248229961180498,3,1.6210754766384692,1.0,-1.1226893447594313,1
-0.5468176149061623,0,20,2,0.3015558242378349,1,-0.552642221900115,1.0,-0.7188527556930457,0
-0.1484256110631258,0,35,0,-0.9322487981011122,1,0.6894821772647903,1.0,-0.5875485757645077,2
-0.6290467695521665,1,0,2,-0.9322487981011122,1,0.2660306775494817,1.0,1.2032842667415478,1
-0.43653704295616996,1,37,0,0.6941300222547726,2,0.7177122772458109,1.0,0.31400370984841075,2
-0.4453718643374506,1,28,0,1.423196390000514,0,0.3083758275210125,2.0,2.1211835463613116,0
0.37939480717882634,1,33,1,1.0867042202717103,2,-1.3007398713971603,1.0,-0.4983188943037908,2
2.9712632618987844,0,11,2,-0.8200847415248442,0,-1.0607840215584854,1.0,1.3431983058301071,1
0.15151141832081547,0,27,1,-1.3248229961180498,3,1.7904560765245927,1.0,-1.1819427323396596,0
0.971534100145977,1,30,0,0.46980190910223674,1,-0.355031522032971,1.0,0.14709135721123748,2
1.7994290547194387,0,1,1,1.9279346445937195,2,-1.187819471473078,1.0,-0.26877453715459654,1
-0.1534102379124864,1,1,1,-1.3809050244061838,3,1.6634206266100002,1.0,-1.2435233847550806,1
-0.9463440510666397,1,27,2,0.9745401636954424,2,-0.6373325218431768,1.0,-0.3722663712072987,0
-0.10837671258378005,0,4,2,-0.31534648693163864,1,-0.3409164720424607,1.0,0.53253949188903,1
0.2630295527989249,0,23,2,1.7036065314411837,2,-1.1737044214825676,1.0,-0.945163949962647,0
0.14181717851723138,0,4,0,1.8718526163055855,2,-0.7079077717957282,1.0,-0.02319195688129673,1
1.7609958628740237,1,8,0,-1.3809050244061838,3,-0.7502529217672591,1.0,1.0578684919241788,1
-0.9909650555526404,1,22,0,-1.156576911253648,3,-0.4820669719475636,1.0,-1.129734934901938,0
-0.5587119658708436,0,4,1,0.3576378525259688,0,-0.05861547223225497,1.0,1.596946727630398,1
0.1442235500996813,1,11,0,-0.09101837377910281,1,-1.1737044214825676,1.0,0.5462351392250803,1
-0.05034878070984394,1,7,1,-0.9883308263892461,1,0.0966500776633582,1.0,-0.7767945049780013,1
-0.6775867220438715,1,27,0,1.311032333424246,0,-0.08684557221327555,1.0,0.9624684964596292,0
-0.7123416030418274,1,0,1,-1.4930690809824516,3,0.7882875271983623,1.0,-0.30242035607127676,1
1.2274345295710836,1,39,0,-1.04441285467738,1,2.030411926363268,1.0,0.1260234860716006,2
0.0771889131600039,1,25,2,0.3015558242378349,1,-0.03038537225123439,1.0,-1.187832345541002,0
-0.8820595530783337,1,31,2,-0.9322487981011122,3,-1.0184388715869546,1.0,-1.1442344072633015,2
-0.7788605889281226,0,17,1,1.311032333424246,2,-1.145474321501547,1.0,-0.68895556840235,0
0.581083122525025,0,18,1,0.5258839373903706,2,-1.0607840215584854,1.0,-0.30079484324231004,0
-0.21552900147658743,1,11,1,-0.9322487981011122,3,-0.7079077717957282,1.0,-1.0909624986015942,1
-0.4770672157520057,1,39,1,-1.4930690809824516,3,-0.28445627208041957,1.0,-1.2221059135250696,2
-0.8500204342948571,0,30,2,-0.8200847415248442,0,-1.0184388715869546,1.0,1.1380723666720933,2
-0.8291881317382189,0,15,1,0.8062940788310404,1,-0.9055184716628722,1.0,-0.5253988662676746,1
-0.9552476259217044,1,17,0,-0.09101837377910281,1,0.25191562755897134,1.0,0.10761972073014467,0
-0.8514986339812192,1,35,1,-0.4835925717960405,0,-0.5102970719285842,1.0,-0.8718500040031308,2
-0.7707820557584691,1,20,1,0.46980190910223674,2,0.15311027762539936,1.0,-0.26488810695284426,0
-0.6135772379507026,1,36,0,-0.6518386566604424,0,-0.9478636216344031,1.0,1.2264982231074972,2
3.2415675440816982,1,24,1,-1.4930690809824516,3,0.12488017764437878,1.0,-1.1066868471920062,0
-0.6239933892290218,1,33,1,-0.09101837377910281,1,1.7904560765245927,1.0,-0.6310265782447805,2
-0.4875864972410013,0,41,1,0.07722771108529905,1,0.5624467273501977,1.0,0.7044355596831451,2
0.4431292773768582,0,28,1,0.24547379594970092,1,0.6047918773217286,1.0,0.806393746624059,0
-0.7924737767374109,1,5,1,-0.4275105435079065,1,-0.18565092214684756,1.0,-0.5939281394574695,1
0.09692116013609359,1,10,2,0.6380479939666386,1,0.8306326771698932,1.0,0.7853692565175346,1
-0.4796798477558085,1,34,0,-0.6518386566604424,0,-0.28445627208041957,1.0,0.07850084020999029,2
-0.8321789078478352,1,22,2,-0.9883308263892461,3,0.3083758275210125,1.0,-0.39440090539639877,0
-0.1802240926883574,0,32,1,-1.156576911253648,3,-0.18565092214684756,1.0,-1.107832616831262,2
-0.5016122058929953,0,20,2,-0.31534648693163864,1,0.7882875271983623,4.0,-0.672085450172682,0
-0.6316594015559694,0,12,1,-0.20318243035537073,1,-1.3995452213307322,1.0,-1.180082451566792,1
0.7099958858705585,1,32,2,0.8623761071191745,1,0.6753671272742799,1.0,-0.32852808252835325,2
-0.5908542148649966,1,1,0,0.07722771108529905,1,-0.6091024218621562,4.0,0.26534550164945303,1
1.7946506882914308,1,18,1,0.13330973937343302,0,0.8588627771509137,1.0,0.9465706237367683,0
-0.9959840591388931,1,7,0,1.0306221919835763,2,0.2095704775874405,1.0,-1.0174750285096295,1
-0.3458512110346987,0,14,2,0.46980190910223674,2,-1.2725097714161397,1.0,-0.02252082678079713,1
1.1683752955903834,1,27,1,0.7502120505429065,2,-0.42560677198552244,1.0,0.7286600389380592,0
-0.9782800396394399,1,39,0,-1.04441285467738,3,-0.7784830217482797,1.0,-1.2335049179316533,2
0.46066141319185083,1,37,0,0.24547379594970092,1,1.6916507265910208,1.0,-0.7602612277113217,2
0.26495465006488494,1,13,0,0.3576378525259688,1,-0.7643679717577694,2.0,0.10251096612482105,1
1.1845667386665821,1,14,1,0.3015558242378349,0,-0.3691465720234813,1.0,0.8594232318654339,1
-0.7551062637356523,0,38,2,0.41371988081410277,2,2.4256333260975556,1.0,0.4535247678134835,2
-0.5444456200606046,1,22,1,0.24547379594970092,1,1.1411637769611196,1.0,-0.008868560477859054,0
0.6940450799526046,1,38,1,-0.7640027132367103,1,2.4820935260595967,1.0,0.9675032481261144,2
-0.9901400138672289,1,0,2,-1.156576911253648,3,-1.0043238215964443,1.0,-1.1643402401980398,1
-0.6101051875245962,1,33,0,-1.212658939541782,3,-0.49618202193807387,1.0,1.0936986734493288,2
0.9639024645559212,1,26,1,0.8062940788310404,2,0.8447477271604035,1.0,0.3525464818558082,0
-0.614642916794359,1,23,1,-0.5957566283723084,1,-1.385430171340222,5.0,-1.2183802483283799,0
-0.05904609514355584,1,31,2,-0.20318243035537073,0,0.6753671272742799,1.0,0.05238035462552792,2
-0.8789312700211487,1,34,2,-1.3248229961180498,3,-0.256226172099399,1.0,-1.174608785918231,2
-0.7599533836374444,1,14,0,1.2549503051361122,0,1.9598366764107162,1.0,1.5863898256312852,1
-0.9471003392782669,1,39,0,0.9745401636954424,2,-1.0607840215584854,1.0,-0.28193430114043805,2
0.9304538995598668,1,3,0,0.3576378525259688,2,0.49187147739764625,1.0,0.6100741571878096,1
-0.660570237282261,1,28,1,0.3576378525259688,1,1.2258540769041812,1.0,0.22188536194752076,0
1.4960543516462832,1,41,0,0.41371988081410277,0,-0.3691465720234813,5.0,1.360994736707993,2
0.17894405436074487,0,14,0,-1.3248229961180498,3,1.0564734770180577,1.0,-1.2241397184303857,1
2.932623809632016,1,18,0,1.1427862485598441,0,-0.21388102212786814,1.0,-1.0190775749093015,0
-0.39335986141963936,1,36,2,-1.4369870526943178,3,1.6634206266100002,1.0,-1.0675112224662666,2
-0.06815593041997366,1,40,1,-0.8761667698129781,0,0.040189877701317045,1.0,0.40593322266398907,2
0.5919805481198341,1,2,0,-0.25926445864350467,0,-0.45383687196654304,1.0,0.8754053148290419,1
-0.12515256018714546,1,30,0,0.46980190910223674,2,-0.5102970719285842,1.0,0.00843791990840742,2
0.23013101559314483,1,41,1,-1.268740967829916,3,-0.3691465720234813,1.0,-1.0767922117267874,2
-0.29906447212449316,1,24,1,0.6941300222547726,2,0.2236855275779508,1.0,0.5017364065539338,0
-0.9508817803364024,1,10,0,0.7502120505429065,0,1.6916507265910208,1.0,1.7601614851511307,1
-0.8061900947573757,1,8,0,-1.4930690809824516,3,1.1129336769800988,1.0,0.7636225998009666,1
0.08169226569287455,1,35,0,1.0306221919835763,0,0.6612520772837697,1.0,1.922266198589288,2
1.1840854643500922,1,25,1,-0.034936345490968856,1,-1.3007398713971603,1.0,-0.4977115598402208,0
0.05346896470442563,0,6,1,0.5819659656785047,2,0.7459423772268314,1.0,-0.8184275376382696,1
-0.681815060681605,1,34,1,-1.04441285467738,3,0.15311027762539936,1.0,-1.1934106360341277,2
-0.6283248580774317,1,10,1,0.46980190910223674,2,-0.10096062220378584,1.0,0.21320405167413833,1
-0.909217175223126,1,25,2,-1.212658939541782,3,-0.6796776718147076,1.0,-1.177540833391516,0
0.6892323367877045,0,28,2,-0.6518386566604424,0,-1.2442796714351192,1.0,0.19633903709542472,0
-0.6850808506863585,1,37,1,-0.9883308263892461,3,-0.41149172199501216,1.0,-1.0963876795660885,2
-1.0183289381187854,1,42,0,1.1427862485598441,2,0.37895107747356394,1.0,0.5599614084668566,2
-0.7534561803648294,0,17,2,0.8062940788310404,1,-0.355031522032971,1.0,0.13557241700722572,0
-0.35685176684018427,0,39,1,-0.31534648693163864,1,-1.5548107712263455,1.0,-0.537203610925131,2
-0.6619796834948389,1,7,2,-1.156576911253648,3,-0.45383687196654304,1.0,-0.9339486769904203,1
1.5099769300876011,1,24,2,-0.8200847415248442,0,-1.2160495714540986,1.0,0.5723683839369288,0
-0.2070723242011204,1,30,0,-1.4930690809824516,3,1.268199226875712,1.0,-1.178421213181145,2
0.38334813192142286,1,18,1,1.1427862485598441,0,-0.4397218219760327,1.0,1.6853700322403247,0
-0.7651098941712657,0,14,2,-1.3248229961180498,3,0.5201015773786668,1.0,-1.035845620119882,1
-0.7746666270272813,1,31,0,1.0867042202717103,0,-1.484235521273794,1.0,1.773316145486018,2
-0.8903099699324477,1,8,2,-1.04441285467738,3,0.3224908775115228,1.0,-1.1674713300585453,1
3.4778732334782845,1,37,0,-1.212658939541782,3,0.2660306775494817,1.0,-0.9785367235532683,2
1.4826130475214556,1,20,0,1.311032333424246,0,-0.42560677198552244,1.0,1.0294232933300007,0
-0.5521116323875522,1,13,0,-0.5957566283723084,1,-0.990208771605934,1.0,-0.15885975837582053,1
0.7102708997656956,1,11,2,-0.8761667698129781,1,-0.8349432217103208,1.0,0.2860484617458524,1
0.2522352574147923,0,25,1,-1.156576911253648,3,-0.8772883716818517,1.0,-0.996881796908749,0
0.4546454842357259,1,5,2,-0.4835925717960405,0,1.1976239769231607,1.0,-1.2092294021671957,1
-0.23299238381779575,1,19,1,-0.5396746000841744,1,-0.9055184716628722,1.0,-1.0978269091352209,0
-0.6063581232033528,1,6,0,0.41371988081410277,2,0.28014572753999195,1.0,0.2003964396041485,1
-0.6848745902650056,1,11,2,-1.3809050244061838,3,0.8306326771698932,1.0,-1.1637303539089927,1
-0.6206588457504839,1,14,0,-1.156576911253648,3,-1.2019345214635884,1.0,-1.0706550714541583,1
-0.18376489658824804,1,40,1,-0.8200847415248442,0,-0.24211112210888872,1.0,1.037566168427697,2
0.08193290285111952,1,26,0,0.021145682797165097,1,-1.526580671245325,1.0,-0.17884565551313117,0
0.1669121964484951,1,42,2,-0.8200847415248442,1,-0.849058271700831,1.0,0.3223915601919168,2
0.31129449139549253,1,28,0,1.7596885597293177,2,-1.089014121539506,1.0,0.7153446135981096,0
-0.9243085627187764,1,35,0,-1.156576911253648,3,0.4354112774356051,1.0,-0.8788879386692062,2
-0.8640461429468511,1,7,1,1.2549503051361122,2,0.4212962274450948,1.0,-0.57496552433651,1
0.1737531670900314,1,38,2,0.6941300222547726,2,0.11076512765386849,1.0,-0.4640810518764038,2
0.07244492346888828,1,40,2,1.5914424748649159,2,-0.552642221900115,1.0,0.35929095659200744,2
-0.7705414186002242,1,18,0,-1.04441285467738,3,-0.6232174718526665,1.0,-1.206927655586775,0
0.31466341161092254,1,23,2,-0.9883308263892461,1,-0.29857132207092985,1.0,1.1878482744300576,0
-0.2766852164077085,1,6,0,-1.4369870526943178,3,-1.0607840215584854,1.0,-0.9413821446054593,1
-0.3377726778650453,1,9,0,-1.3248229961180498,3,0.4212962274450948,1.0,-1.119522529342245,1
-0.8310444755303945,1,5,0,-0.034936345490968856,0,-0.6373325218431768,1.0,0.0005476755329523489,1
-0.16894852298773472,0,37,1,1.1427862485598441,2,-1.28662482140665,1.0,-0.5189886806689867,2
-0.5346138733094519,1,35,0,-0.6518386566604424,1,0.3507209774925434,1.0,0.7019169079371637,2
4.501474951178712,1,31,0,-0.7640027132367103,1,0.5059865273881565,1.0,0.2894806670126658,2
0.12266933606830797,1,36,0,0.8623761071191745,2,-0.3126863720614401,1.0,0.4382393332051471,2
0.11857850437814306,1,35,2,0.5819659656785047,2,0.3224908775115228,1.0,-0.927974853548331,2
-0.21068188157479537,1,28,1,-1.268740967829916,3,-1.484235521273794,1.0,-1.0921567529249163,0
0.4115026794360873,0,30,1,-0.9883308263892461,3,0.13899522763488906,1.0,-0.9122173312267156,2
0.07278869083780959,1,35,0,0.3015558242378349,0,0.4212962274450948,1.0,1.3208749365556958,2
1.7962663949253617,0,14,1,0.9184581354073084,0,0.5342166273691771,1.0,0.23763012514175022,1
0.6073469495106216,0,16,2,0.6380479939666386,1,-0.990208771605934,1.0,-0.7489591926728707,0
0.8409368766927284,0,16,1,-0.09101837377910281,0,-0.3973766720045019,1.0,0.23431275202141014,0
-0.7504310275183209,1,13,0,1.5914424748649159,2,-0.6232174718526665,1.0,0.32637751158727923,1
-0.8657993565283503,1,36,1,0.6941300222547726,1,-0.9619786716249134,1.0,-0.6440868210370116,2
0.10211204740680704,1,37,0,0.9184581354073084,0,-0.9337485716438928,1.0,1.401436066870416,2
0.5077231659971936,1,19,0,0.41371988081410277,0,0.576561777340708,1.0,-1.116575170916097,0
-0.8326258054274331,1,14,2,1.5353604465767818,2,0.4212962274450948,1.0,-0.358259401163032,1
-0.48019549880919066,1,34,1,-0.9322487981011122,3,-1.4701204712832838,1.0,-0.9139168469945205,2
-0.6768991873060287,0,10,2,1.0867042202717103,0,-0.6373325218431768,1.0,2.37214282291504,1
1.8186800273790384,1,12,1,-0.4835925717960405,1,2.044526976353778,4.0,1.201048867623534,1
-0.8117247493970106,1,31,0,1.6475245031530499,2,-0.355031522032971,1.0,0.4902327773027851,2
-0.9312182868340971,1,38,0,1.9279346445937195,2,-0.256226172099399,1.0,-0.40139545902936197,2
-0.42749596115353655,1,15,2,1.9840166728818536,2,-0.7925980717387899,1.0,-0.045974654741601555,1
-0.41934867451009883,1,38,1,-0.3714285152197726,1,-0.21388102212786814,1.0,1.0364918499018025,2
-0.7208670337910786,1,13,2,0.07722771108529905,1,0.7600574272173417,1.0,-0.6446048416088801,1
0.9275662536609267,1,8,2,0.46980190910223674,2,-1.4983505712643044,1.0,-0.3353389047269592,1
-0.5499802747002394,0,31,2,1.311032333424246,2,-0.2279960721183784,1.0,-0.23373031787641937,2
0.54601885089504,0,41,1,-0.9322487981011122,1,1.0282433770370372,1.0,0.5591499279651121,2
-0.6761085223575093,1,1,2,1.1988682768479781,2,0.36483602748305366,1.0,0.3666989059522745,1
0.008641699797072253,1,12,2,-0.034936345490968856,0,-0.9760937216154236,1.0,0.7150103244605983,1
-0.110542447007985,1,4,2,0.5258839373903706,1,0.16722532761590964,1.0,0.4306757224907718,1
0.16309637865346743,1,36,2,-0.8761667698129781,1,-0.990208771605934,1.0,-0.7660079386859415,2
0.3899140886678219,1,20,0,-0.20318243035537073,0,-0.45383687196654304,1.0,1.5348735728978804,0
-0.6424536969401022,1,32,1,-0.5396746000841744,0,-0.1291907221848064,1.0,1.0193971710301424,2
0.06281943713908841,1,7,0,0.46980190910223674,1,-0.4820669719475636,1.0,-0.10765993200158712,1
-0.12879649429771256,1,13,1,-0.4275105435079065,1,0.3083758275210125,1.0,0.6229379094182975,1
-0.7072538459817902,1,9,0,-0.8761667698129781,1,0.3366059275020331,1.0,0.3214167628596323,1
-0.12388062092213618,1,28,1,1.0306221919835763,0,-0.03038537225123439,1.0,2.167504282423168,0
-0.8030274349632986,1,10,0,1.6475245031530499,2,1.5505002266859178,1.0,-0.9549808225733765,1
-0.15313522401734922,1,17,0,-0.9322487981011122,1,-0.49618202193807387,5.0,-0.5859817549215163,0
-0.4199330790372653,1,16,0,0.6941300222547726,2,-0.4397218219760327,1.0,-0.34846294315612003,0
-0.33904461713005457,1,11,2,0.6941300222547726,0,0.3083758275210125,1.0,0.24851110897646558,1
-0.8491953926094457,1,9,1,1.0306221919835763,2,0.18134037760641994,1.0,-0.20450936433717748,1
0.4735870662632963,1,17,0,0.6380479939666386,2,0.19545542759693021,1.0,-0.32963557478545136,0
-0.767860033122637,0,17,1,1.0867042202717103,2,0.5906768273312183,1.0,0.32143717746344974,0
-0.39638501426614786,0,21,2,-1.212658939541782,3,-1.4983505712643044,1.0,-0.9803434159911151,0
1.1353392514370346,1,2,2,-0.034936345490968856,0,-0.17153587215633725,1.0,1.729149150126905,1
-0.10212014646941019,1,35,2,-0.8761667698129781,0,0.8024025771888725,1.0,1.101328631626111,2
0.9008555290957322,0,22,2,0.3015558242378349,1,-0.3973766720045019,1.0,-1.0910977453518849,0
0.18526937394889914,1,6,0,1.9840166728818536,2,-1.0607840215584854,2.0,-0.36489669922918944,1
-0.5697468984132212,1,7,1,-0.9322487981011122,3,0.5624467273501977,1.0,-1.2182245869742716,1
-0.9396062106357799,0,26,2,-0.25926445864350467,1,-1.4560054212927735,1.0,-1.177757738557077,0
1.27391187784926,1,11,2,-0.034936345490968856,0,0.3224908775115228,4.0,2.131597546133702,1
-0.7489184510950666,0,27,1,0.46980190910223674,0,-0.8772883716818517,1.0,0.7449355818315433,0
-0.9950215105059131,1,23,0,1.311032333424246,2,1.0988186269895885,1.0,-0.22771566522669492,0
-0.40972318818029907,1,29,0,-1.4930690809824516,3,-1.4277753213117528,1.0,0.9639026223778067,0
-0.628668625446353,1,37,1,-0.9883308263892461,1,-0.17153587215633725,1.0,-1.0685472636100037,2
-0.46912618952992086,1,38,2,0.07722771108529905,0,2.199792526249391,1.0,1.0699258673038763,2
0.8410400069034047,0,26,1,1.423196390000514,2,-0.8067131217293002,1.0,-0.7322472876227882,0
0.06660087819722414,0,34,2,1.2549503051361122,0,-1.4701204712832838,1.0,2.4358950788115448,2
-0.058805457985310866,1,15,1,0.021145682797165097,1,-1.28662482140665,1.0,1.18404860629453,1
-0.941600061375524,1,36,0,-0.8761667698129781,1,-1.3007398713971603,1.0,-0.5964595503308366,2
0.25546667068265366,1,36,0,0.5819659656785047,2,0.3224908775115228,1.0,-0.47456650276215573,2
-0.17506758215453605,0,6,1,1.1427862485598441,2,0.40718117745458454,1.0,-0.6333487394290185,1
-0.8570676653577463,0,18,1,-1.4930690809824516,3,0.2236855275779508,1.0,-1.1589176110590225,0
-1.0104910421073772,0,29,1,0.8623761071191745,2,-0.016270322260724102,1.0,0.2357315669867247,0
-0.8150936696124405,1,28,1,-0.5957566283723084,1,-0.8772883716818517,1.0,0.5583078255576411,0
0.3784666352827386,1,23,1,-1.04441285467738,1,1.705765776581531,1.0,0.4475611516733029,0
0.7786462294441667,1,12,1,0.7502120505429065,0,-0.6232174718526665,1.0,2.0220961630822303,1
-0.6501884627408342,1,25,0,-1.04441285467738,3,1.7904560765245927,1.0,0.6389965471462209,0
-0.784017099461944,1,26,1,1.0306221919835763,2,-1.0043238215964443,1.0,0.5707734930136884,0
0.08918639433536159,1,41,0,0.5258839373903706,2,-1.2725097714161397,1.0,-0.7261280101284994,2
-0.8883161191927036,1,2,2,1.423196390000514,2,0.6047918773217286,1.0,-0.40035686606014786,1
-0.7453776471951761,0,39,2,-1.268740967829916,3,-0.7361378717767488,1.0,-0.836770059168273,2
-0.35846747347411495,1,18,1,-0.4275105435079065,1,0.7882875271983623,1.0,-0.30795781735676747,0
0.6048718244543876,1,38,0,0.6941300222547726,2,1.3246594268377532,1.0,-0.9210236809484799,2
-0.8899662025635264,1,24,0,1.1988682768479781,0,1.7622259765435722,4.0,1.0952399760375482,0
1.1676190073787562,1,9,1,1.9279346445937195,2,0.44952632742611537,1.0,-0.22728185489557357,1
-0.4967650859912032,0,32,1,1.1988682768479781,2,0.7600574272173417,1.0,-0.071569464277764,2
-0.38328747751024167,1,40,1,-1.4930690809824516,3,0.2660306775494817,1.0,1.1797334694126105,2
1.1893794818314825,1,1,2,-1.156576911253648,3,-0.9196335216533825,1.0,-0.7943740306903266,1
0.023733087292722655,1,31,0,-1.268740967829916,3,1.4375798267618356,1.0,-1.0586895617916394,2
-0.2234356509617802,0,26,1,-0.14710040206723676,0,-1.1737044214825676,1.0,0.6062157970663063,0
1.7017647452088627,1,22,2,1.311032333424246,0,-0.6232174718526665,1.0,2.1168862722577324,0
-0.2540653235326789,1,15,0,0.41371988081410277,0,-0.3832616220139916,1.0,0.8629983393589697,1
-0.28624194926372404,0,40,0,-1.212658939541782,3,-0.8067131217293002,1.0,-1.0467317076055518,2
-0.46283524667865883,0,3,1,1.0306221919835763,2,-0.1291907221848064,1.0,0.4746947119722077,1
-0.3544453952577343,1,17,1,-0.5957566283723084,1,-0.41149172199501216,1.0,-0.9501859425017465,0
-0.9443158235900033,1,12,0,0.07722771108529905,0,0.774172477207852,4.0,2.48999377892786,1
-0.24268662362137983,1,34,2,-0.5957566283723084,0,2.2139075762399014,1.0,1.636170837040204,2
-0.13130599609083898,1,28,2,-1.04441285467738,3,-0.28445627208041957,1.0,-1.0664853886244385,0
-0.8201814266724776,0,9,2,-0.4835925717960405,0,-0.9196335216533825,1.0,1.240773134826868,1
2.6705699443032156,1,17,1,-1.3809050244061838,3,-0.41149172199501216,1.0,-1.1643274810706539,0
-0.6365065214577615,0,35,2,1.5914424748649159,2,-1.2583947214256295,1.0,-0.32809937584818616,2
-0.9841584616479961,1,31,0,-1.3248229961180498,3,0.15311027762539936,1.0,-1.2180714774456405,2
0.10671853015035401,1,34,1,0.5819659656785047,0,-1.4983505712643044,1.0,1.771052676287755,2
-0.494530598093214,1,23,0,0.9184581354073084,2,-0.5385271719096048,1.0,0.25925684606089044,0
-0.22226684190744733,1,6,2,-1.3809050244061838,3,2.496208576050107,1.0,-0.8680554395185572,1
2.8860433311431635,1,3,0,-1.04441285467738,3,0.3366059275020331,1.0,-0.8840706962133684,1
-0.68542461805528,1,13,0,-0.7079206849485763,0,-0.04450042224174468,1.0,1.2763328228514368,1
-0.7243734609540772,1,1,1,-1.3248229961180498,3,1.861031326477144,1.0,-0.915746505861662,1
-0.7380897789740419,1,29,1,-0.7079206849485763,0,0.5342166273691771,1.0,2.0640507257526237,0
-0.10500779236835005,1,5,2,0.07722771108529905,1,-1.1313592715110368,1.0,-0.19484304942960184,1
1.9661906053832208,1,12,0,-0.8761667698129781,0,-1.145474321501547,1.0,-1.0687896870303364,1
-0.4592256893049839,1,21,1,1.8718526163055855,2,-0.1433057721753167,1.0,-0.39295402035083504,0
1.5814117893494726,1,37,0,1.36711436171238,2,-0.42560677198552244,1.0,0.27331740444017794,2
-0.6680643659247482,1,18,2,-0.9322487981011122,1,0.9576681270844858,1.0,1.1566292415421802,0
0.9825690326883543,1,18,2,0.5819659656785047,1,0.2660306775494817,1.0,0.32422377088453547,0
-0.32326569489656126,1,42,2,1.8157705880174517,2,0.5483316773596874,1.0,-0.18928262171481644,2
-0.8408074688077629,1,27,2,0.6380479939666386,2,0.6330219773027491,1.0,0.173502750900099,0
2.7857663896287845,1,20,1,-0.8200847415248442,1,2.002181826382247,1.0,1.0624413631792937,0
-0.6116521406847426,1,32,0,0.24547379594970092,0,-0.21388102212786814,1.0,0.07915921118310393,2
-0.2657190373391151,1,16,2,-0.7640027132367103,1,-1.3007398713971603,1.0,0.7761954439270556,0
-0.6156398421642312,1,30,0,0.021145682797165097,0,-0.4679519219570533,1.0,1.2005512616554832,2
-0.3945630472108643,1,33,0,-1.3248229961180498,3,-0.6514475718336871,1.0,-1.264726502645008,2
1.927791790274698,1,17,2,0.8623761071191745,1,1.508155076714387,1.0,0.4904292678645284,0
-0.9853616474392212,0,37,2,-0.20318243035537073,1,0.11076512765386849,1.0,-0.6984024263188877,2
-0.8137873536105391,1,8,1,1.7036065314411837,2,0.6189069273122388,1.0,-0.20392754812837943,1
-0.6704019840334138,0,25,1,0.24547379594970092,1,0.4212962274450948,1.0,1.0609970299592069,0
0.43687271126248833,0,7,2,-1.04441285467738,1,0.7318273272363212,1.0,1.2215910627148707,1
-0.8151967998231169,1,7,0,0.41371988081410277,2,1.6634206266100002,1.0,0.27959234328857513,1
-0.8040243603331708,1,29,0,0.3576378525259688,0,-1.1737044214825676,1.0,1.900241392895707,0
0.7732147050152081,1,17,2,0.46980190910223674,2,-0.5244121219190945,1.0,-0.12949845443533364,0
-0.8519799082977092,1,19,1,1.1427862485598441,2,0.6189069273122388,1.0,-0.9120744289999931,0
-0.6463382682089143,1,11,1,-1.4369870526943178,3,-0.355031522032971,1.0,-0.9304781943414491,1
-0.8375073020661172,0,30,1,-1.212658939541782,3,-1.2160495714540986,1.0,-1.0110750502128503,2
-0.7505685344658896,1,18,2,1.311032333424246,0,-0.07273052222276526,1.0,1.32316392400873,0
-0.9670388466757093,0,11,2,-0.8200847415248442,0,0.36483602748305366,1.0,-1.1632327479409417,1
4.2393867091130195,1,36,2,-1.4930690809824516,3,-0.8208281717198105,4.0,-1.0803724228712777,2
-0.788864219363736,1,29,1,-0.8761667698129781,0,0.5201015773786668,1.0,2.2450670178021963,0
1.1869731102490324,0,11,2,-1.4930690809824516,3,-0.21388102212786814,1.0,-1.0326839083536503,1
0.1039683911989826,0,36,2,-0.14710040206723676,1,-1.2583947214256295,1.0,-0.5749604206855558,2
-0.7749072641855262,1,39,2,1.36711436171238,2,-1.0748990715489957,1.0,0.2866175188272647,2
0.1947917300680225,1,11,1,0.3576378525259688,0,2.242137676220922,1.0,1.288247296004412,1
1.7043430004757731,0,20,0,-1.268740967829916,3,1.861031326477144,1.0,-0.941502080402887,0
-0.9243085627187764,1,11,0,-0.9883308263892461,1,-0.7220228217862384,1.0,0.689555865325681,1
0.23490938202115255,0,32,2,-1.3248229961180498,3,-0.3973766720045019,1.0,-0.9015940817651956,2
-0.6092801458391848,1,7,2,-0.6518386566604424,0,0.5906768273312183,4.0,2.162160759873943,1
-0.22123553980068303,1,4,2,1.5353604465767818,2,0.3083758275210125,1.0,-0.08779397066170423,1
0.5972745656012239,1,33,0,-1.4930690809824516,3,0.25191562755897134,1.0,-1.0332988982936517,2
-0.2911578226393004,0,13,1,1.5914424748649159,2,-0.28445627208041957,1.0,-0.7863051585314687,1
-0.15086635938246784,1,31,0,0.18939176766156696,1,-1.0466689715679751,1.0,-0.6651036556671048,2
0.9612898325521184,1,38,0,-0.4275105435079065,0,-0.8067131217293002,1.0,2.522327959549267,2
-0.43945906559200215,1,6,0,-0.9883308263892461,3,2.044526976353778,1.0,-0.7972167642719103,1
0.13624814714070432,1,35,2,1.8718526163055855,2,-0.18565092214684756,4.0,0.486790364734063,2
0.11177191047349902,0,26,1,1.0867042202717103,2,-0.10096062220378584,1.0,-0.655393959726417,0
-0.5698500286238977,0,31,0,-0.5396746000841744,1,-1.0325539215774648,1.0,0.6033424415789963,2
-0.7702320279681948,1,22,2,-1.4930690809824516,3,-0.7643679717577694,1.0,-0.8684764907222927,0
-0.3469168898783551,1,40,2,-0.9322487981011122,1,0.2095704775874405,1.0,-0.5049204668132675,2
1.003504465455669,1,38,2,-0.8761667698129781,0,0.28014572753999195,3.0,1.1988874714443587,2
1.374120065889855,1,27,2,-0.034936345490968856,1,0.4636413774166257,1.0,0.4415720172783504,0
0.01603269822888276,1,34,0,-0.3714285152197726,1,-0.45383687196654304,3.0,0.8905376399087469,2
-0.5159816819139108,1,40,1,-1.3809050244061838,3,-1.2019345214635884,1.0,-0.9199161886913816,2
-0.9482347715957076,1,35,1,-1.4369870526943178,3,-0.9055184716628722,1.0,0.12511503620172298,2
-1.0218009885448918,1,7,0,-1.100494882965514,3,0.2660306775494817,1.0,-0.95345483093802,1
1.577905362186474,1,1,1,1.1427862485598441,0,1.1693938769421401,1.0,1.3932064297064954,1
-0.8913412720392121,0,41,2,-1.100494882965514,3,0.3507209774925434,1.0,-0.8865000340676482,2
-0.7617409739558357,0,23,2,0.24547379594970092,1,-0.002155272270213815,4.0,1.1181630242990983,0
-0.9131704999657224,1,5,2,-0.7640027132367103,0,-1.5548107712263455,1.0,0.9091123775571744,1
2.491123377726233,0,38,1,0.9745401636954424,0,0.5342166273691771,1.0,-1.2467820658894455,2
-0.9538038029722345,1,5,1,-1.268740967829916,3,-0.8631733216913414,1.0,-1.0575284811995203,1
1.2513607384480148,1,1,1,-1.212658939541782,3,1.3952346767903048,1.0,-0.7903523537382835,1
-0.9042669251106575,1,4,1,-0.8200847415248442,0,-0.21388102212786814,1.0,2.357092156250604,1
-0.28658571663264554,0,20,0,0.07722771108529905,0,-1.3289699713781808,1.0,0.07013340447030171,0
-0.9375092296853591,1,21,1,0.6941300222547726,1,-0.7643679717577694,1.0,0.8988719019172321,0
1.0985561429624424,1,22,0,-0.20318243035537073,1,-1.1313592715110368,1.0,0.20746244435047279,0
0.5097857702107219,1,15,0,1.0306221919835763,2,-0.6091024218621562,1.0,0.7068597938864706,1
0.27440825271022407,1,33,1,-0.6518386566604424,1,1.1835089269326504,1.0,-0.7244310461861715,2
-0.986805470388691,1,31,2,-0.8200847415248442,1,-1.089014121539506,1.0,0.48215624966749565,2
-0.07781579348666563,1,13,0,-0.4835925717960405,0,-0.7502529217672591,1.0,1.1749028637842998,1
-0.406801165544467,1,30,2,1.8718526163055855,2,-0.552642221900115,1.0,0.20821268104076524,2
-0.913583020808428,1,18,1,-0.034936345490968856,0,-1.0607840215584854,1.0,0.7027819767739293,0
-0.08310981096805542,1,32,1,1.9279346445937195,2,-0.15742082216582698,1.0,-0.1403564718407543,2
0.3124289237129334,1,14,0,-1.212658939541782,3,0.49187147739764625,1.0,-0.8353844179341617,1
0.6694657130747227,1,16,0,-1.100494882965514,3,-1.1595893714920573,1.0,-1.1523823860119522,0
-0.5130596592780787,1,23,0,0.6941300222547726,0,-1.3430850213686911,1.0,0.6912324146641914,0
-0.3853844584606623,0,14,1,-0.20318243035537073,1,-0.9478636216344031,1.0,-1.1970954720231823,1
0.08382362338018738,1,17,0,-0.9883308263892461,3,-0.891403421672362,1.0,-0.9837679657814968,0
-0.9550757422372439,1,24,1,-1.4930690809824516,3,-1.385430171340222,1.0,-1.0965790664768775,0
-0.06011177398721226,1,23,0,0.13330973937343302,1,0.12488017764437878,3.0,0.7132801867870672,0
-0.6664486592908173,0,21,2,1.0306221919835763,2,-0.17153587215633725,1.0,-0.021510303891831985,0
0.1907696518516418,0,27,1,0.41371988081410277,2,-0.15742082216582698,5.0,-0.8347643243432058,0
-0.8327289356381095,1,39,2,-0.31534648693163864,1,-0.7361378717767488,1.0,0.06452959572240413,2
-0.6962876669131969,1,21,1,-0.6518386566604424,1,-0.9760937216154236,1.0,-0.6784905321204157,0
0.6152535989958144,1,8,2,-0.9883308263892461,1,2.2280226262304117,1.0,0.3762631478407626,1
-0.9511567942315395,1,21,2,0.6941300222547726,0,-0.29857132207092985,1.0,-1.1316513558353039,0
-0.06812155368308155,1,17,1,-0.9322487981011122,3,-1.3289699713781808,1.0,-0.9560934184814289,0
-0.28431685199776413,1,11,0,-0.9883308263892461,3,1.3528895268187737,1.0,-0.8959545474606174,1
-0.3565767529450471,1,25,0,1.1988682768479781,0,0.576561777340708,1.0,2.373783646696869,0
-0.9574133603459095,1,5,1,1.0867042202717103,2,0.02607482771080676,1.0,-1.028868929265259,1
-0.7451026333000389,1,15,2,-0.20318243035537073,1,-0.24211112210888872,1.0,0.5355940269852202,1
0.05652849428782644,0,41,1,0.7502120505429065,1,1.5222701267048973,1.0,1.2324975648043583,2
0.5793986624173101,1,19,0,0.7502120505429065,0,-1.5406957212358352,1.0,1.485551890074855,0
0.5994746767623212,1,27,1,0.5819659656785047,1,-0.4679519219570533,1.0,0.519356761473894,0
-0.7939175996868809,1,16,2,0.8062940788310404,0,-1.4983505712643044,1.0,1.0041193918982374,0
-0.6718114302459915,1,0,1,1.9279346445937195,2,-0.016270322260724102,1.0,-0.11142387458043453,1
0.5568818997529568,0,14,2,-0.5396746000841744,0,0.36483602748305366,3.0,0.48409563703015607,1
0.534193253404143,1,39,1,1.1988682768479781,0,0.37895107747356394,1.0,0.3248081389188107,2
-0.10631410837025145,1,39,0,-1.04441285467738,3,0.7035972272553006,1.0,-0.9469731942259709,2
-0.6422818132556415,1,4,0,1.1988682768479781,0,-1.089014121539506,1.0,2.362103941487795,1
-0.6082144669955284,1,31,0,1.311032333424246,0,0.5342166273691771,1.0,2.015224097072172,2
-0.2915703434820061,1,23,1,0.3576378525259688,2,-0.3691465720234813,1.0,-0.06575385401526011,0
-0.37888725518804744,1,26,0,0.8623761071191745,1,0.8447477271604035,1.0,-0.7499824746892219,0
0.5974120725487926,0,38,2,-0.5957566283723084,0,0.2942607775305022,1.0,2.4854158040217906,2
-0.7367147094983562,1,26,0,0.6941300222547726,1,-1.0325539215774648,1.0,-0.008238259584994372,0
-0.6838776648951336,1,37,2,1.9279346445937195,2,1.1552788269516299,1.0,-0.6343847805727555,2
1.86058526965056,0,21,1,0.8623761071191745,0,-0.4820669719475636,1.0,1.6447500742944987,0
-0.9219365678732185,0,30,2,1.7596885597293177,2,-1.089014121539506,3.0,-0.5763919947782562,2
-1.0101816514753479,1,36,2,-0.3714285152197726,1,-1.1595893714920573,1.0,0.6964304831612165,2
-0.8518767780870328,0,33,2,0.7502120505429065,0,-0.7925980717387899,1.0,0.6408440687917025,2
-0.5577494172378636,1,14,2,0.6941300222547726,2,2.100987176315819,1.0,-0.9220239965355361,1
0.24212849676850232,1,33,1,1.311032333424246,0,-1.2160495714540986,1.0,2.19526559178946,2
-0.9630511451962208,0,34,1,1.0867042202717103,0,0.2095704775874405,1.0,1.8504093449772443,2
-0.5854226904360381,0,41,1,-0.7640027132367103,1,-1.0325539215774648,1.0,0.9026843291801461,2
-0.9672451070970621,1,15,2,0.021145682797165097,1,-1.0184388715869546,1.0,-0.7377235050968266,1
0.06539769240599909,1,13,1,-0.034936345490968856,0,-0.5667572718906253,1.0,2.377320476808247,1
0.6137410225725601,1,5,0,1.9279346445937195,2,-0.07273052222276526,1.0,-0.05086650418136462,1
-0.4864864416604527,1,32,1,-1.156576911253648,3,0.5624467273501977,1.0,0.9921564340611958,2
-0.835272814168128,0,15,2,-0.5957566283723084,1,1.9880667763917368,1.0,-0.33214401922952397,1
-0.9706484040493842,1,10,1,-0.9883308263892461,3,-1.1595893714920573,1.0,-1.1236769012191017,1
-0.0032526511676090925,1,31,2,1.7596885597293177,2,0.8165176271793829,1.0,0.09079043170811171,2
1.20233951163982,1,29,1,-0.4835925717960405,0,0.011959777720296473,1.0,2.216614163731587,0
-0.7667943542789806,1,12,0,0.24547379594970092,1,0.8165176271793829,1.0,1.1623606415639371,1
-0.08310981096805542,1,41,2,-0.9322487981011122,3,-1.2019345214635884,1.0,-1.037172569368018,2
-0.28290740578518625,0,17,1,0.3576378525259688,2,-0.7643679717577694,1.0,-0.3666880807141731,0
2.288369383536378,1,21,0,-0.20318243035537073,1,1.804571126515103,1.0,0.4126113499377814,0
0.42112816576588724,1,21,1,-1.04441285467738,3,-0.9196335216533825,1.0,-0.8458877315982539,0
1.3415996727898882,0,22,1,-1.212658939541782,3,-1.385430171340222,1.0,0.024892090585294402,0
-0.04440160522750327,0,34,1,0.5819659656785047,0,0.4212962274450948,1.0,2.4891491246949116,2
-0.2906421715859182,1,4,0,1.0306221919835763,0,-1.484235521273794,1.0,0.03694691413951481,1
0.567263674294384,0,19,1,0.3576378525259688,0,0.5483316773596874,1.0,1.3129744848783316,0
0.03940887931553953,1,5,2,0.7502120505429065,0,0.37895107747356394,1.0,-1.0517460446682199,1
0.271520606811284,0,23,1,-1.04441285467738,3,-0.6937927218052179,1.0,0.3412495504683115,0
-0.7591970954258173,1,41,1,1.311032333424246,0,0.5201015773786668,1.0,2.292658562951691,2
-0.5196943694982622,1,32,0,1.0867042202717103,2,2.14333232628735,1.0,-0.2814622134271589,2
-0.5895478988630952,1,35,1,-1.268740967829916,3,0.36483602748305366,1.0,-1.0543973913390148,2
-0.6763835362526465,1,4,0,-1.156576911253648,3,-1.0466689715679751,1.0,-1.1203340098439898,1
-0.38889088562366086,1,10,1,0.7502120505429065,0,2.086872126325309,1.0,-1.004631690882959,1
0.5261490969713817,1,7,0,0.07722771108529905,1,0.774172477207852,1.0,-0.9536462178488088,1
0.7506979423508551,0,5,0,-1.100494882965514,3,-0.3691465720234813,1.0,-0.9667651526270153,1
2.0005329655384707,1,34,0,-1.100494882965514,3,-1.28662482140665,1.0,-1.2329435163266729,2
-0.7954989295839194,0,35,1,-1.100494882965514,3,0.28014572753999195,1.0,-0.9909385953723859,2
-0.6956001321753541,1,20,1,-0.7640027132367103,1,0.6894821772647903,1.0,-1.2136389565917707,0
-0.6877622361639456,1,12,1,0.5258839373903706,1,0.6330219773027491,1.0,0.3138403930178708,1
1.0985561429624424,1,4,0,-0.14710040206723676,1,0.11076512765386849,1.0,0.526279863993496,1
2.0298563221074684,1,35,2,0.9745401636954424,2,-0.256226172099399,1.0,0.7151634339892295,2
-0.6552762198008711,1,29,1,-1.268740967829916,3,0.12488017764437878,1.0,-1.14892211066489,0
-0.899041661103052,1,29,0,0.9745401636954424,2,-0.7220228217862384,1.0,-0.6406393048173351,0
0.9540363410678764,1,28,2,-0.09101837377910281,0,0.12488017764437878,1.0,-1.239976347341794,0
-0.7329332684402206,1,38,0,-0.4275105435079065,1,-0.7079077717957282,1.0,-0.09134866355142257,2
-0.9980810400893138,0,19,2,0.41371988081410277,2,-0.5102970719285842,1.0,0.5867989570104081,0
-0.6490196536865013,1,13,1,0.6380479939666386,0,-1.3148549213876706,1.0,2.1477506014042813,1
-0.23381742550320708,1,2,2,1.9279346445937195,2,0.054304927691827334,1.0,-0.1601229119870269,1
0.21940547368279642,1,11,0,0.5258839373903706,2,-0.1291907221848064,1.0,0.6075197798851478,1
-0.7796856306135339,1,6,0,1.311032333424246,2,-0.9196335216533825,2.0,0.544060983918519,1
-0.6038142446733342,1,27,1,0.07722771108529905,0,-0.3126863720614401,1.0,0.5516807347933924,0
1.1840510876132002,1,23,0,1.1427862485598441,0,0.11076512765386849,1.0,1.613857675067701,0
-0.42244258083039166,0,23,0,1.36711436171238,0,-0.7220228217862384,1.0,0.24126392462126117,0
-0.44722820812962627,0,40,1,-0.7079206849485763,1,-1.5406957212358352,1.0,-0.40701713055559985,2
-0.9853616474392212,1,6,2,1.2549503051361122,2,-0.6655626218241973,1.0,0.39174762483631936,1
0.288674598520463,0,29,1,0.9745401636954424,0,0.37895107747356394,1.0,1.2918632327055828,0
-0.9784175465870083,1,19,2,-1.4930690809824516,3,-1.4136602713212425,3.0,-1.1666190203491655,0
-0.800208542538143,1,23,0,-0.9322487981011122,3,-0.9337485716438928,1.0,1.0389594651382401,0
-0.7391898345545904,1,24,1,-0.9883308263892461,1,2.4115182761070453,4.0,0.41114405028840023,0
1.48508817257769,0,6,1,1.8157705880174517,2,-0.3832616220139916,1.0,0.3293044554096101,1
-0.7314894454907506,1,18,0,0.9745401636954424,2,-1.3148549213876706,1.0,0.2557098086476036,0
1.4730906914023323,1,31,0,-1.4930690809824516,3,2.2139075762399014,1.0,-1.0423757415159975,2
-0.5764847388440811,1,33,1,0.021145682797165097,1,-0.8067131217293002,1.0,-0.1817777029864163,2
-0.7906518096821274,1,25,0,-1.3809050244061838,3,-1.0325539215774648,1.0,-0.9469272613673815,0
-0.8004148029594959,1,34,1,-1.04441285467738,3,-0.6796776718147076,1.0,0.5836142788148817,2
-0.3660303555903862,1,17,1,1.0306221919835763,0,-0.9760937216154236,1.0,-0.7941060890152222,0
-0.29294541295769183,1,14,2,-0.31534648693163864,0,0.02607482771080676,1.0,0.49585444882902313,1
-0.720935787264863,1,41,0,-0.8200847415248442,1,0.25191562755897134,1.0,-0.3536227342709874,2
0.316244741507961,1,12,2,-1.04441285467738,1,-1.0043238215964443,1.0,-0.6319222689872722,1
-0.8587521254654612,1,36,2,-0.4275105435079065,1,1.7198808265720413,1.0,0.9670949560497648,2
0.12284121975276872,1,14,0,1.0306221919835763,2,0.2095704775874405,1.0,-0.8760222386583278,1
2.668301079668334,1,32,1,1.2549503051361122,2,-0.5808723218811356,1.0,-0.7864684753620085,2
-0.6800618471001059,1,24,2,1.9279346445937195,2,-0.9760937216154236,1.0,-0.1999824259406519,0
-0.8716434018000145,1,35,0,-0.7640027132367103,1,0.6189069273122388,1.0,-1.207315533059307,2
-0.7422837408748831,1,13,1,-0.9322487981011122,3,-1.3995452213307322,1.0,-0.8116141636141864,1
2.569158570471396,1,3,2,-1.4369870526943178,3,0.4212962274450948,1.0,-1.1560085300150318,1
0.5133265741106127,1,5,2,-0.7079206849485763,1,-0.7784830217482797,1.0,0.26529701696538666,1
1.0043638838779727,0,2,1,-1.100494882965514,3,-1.0184388715869546,1.0,-1.0271872762757943,1
-0.3622145377953585,1,25,1,1.479278418288648,2,0.5201015773786668,1.0,-0.7797954517391705,0
-0.5570618825000208,1,1,2,-1.156576911253648,3,-0.8067131217293002,3.0,-1.0120651584979978,1
-0.9849835033334076,0,27,1,0.6380479939666386,2,-0.7925980717387899,1.0,-0.7737067961506078,0
-0.9978747796679609,1,4,0,-0.4835925717960405,1,2.1574473762778603,1.0,-0.7280597420147282,1
-0.7517029667833302,1,9,0,1.6475245031530499,2,-0.6796776718147076,1.0,0.37914671062998134,1
0.3055191995976128,1,33,1,0.7502120505429065,2,0.23780057756846107,1.0,-0.8209819149409313,2
-0.8486797415560635,1,14,1,-1.212658939541782,3,-0.5385271719096048,1.0,-0.8750193712457942,1
-0.14454103979431365,1,26,0,0.5258839373903706,2,-1.2019345214635884,1.0,0.46356364924072807,0
-0.9979779098786372,1,20,1,-0.5957566283723084,0,2.510323626040617,1.0,-0.9629910027462592,0
-0.22133867001135946,1,21,1,1.0306221919835763,0,-1.5406957212358352,1.0,0.25567153126544595,0
-0.41845487935090314,1,4,1,0.5819659656785047,2,0.08253502767284791,1.0,-0.6820324658827479,1
-0.727708004432615,1,14,0,1.7036065314411837,2,0.06841997768233762,1.0,-0.5014014994802298,1
-0.9506067664412653,1,37,0,0.5258839373903706,2,-0.6937927218052179,1.0,0.6363987888104468,2
-0.7405649040302761,1,25,1,-1.04441285467738,3,-1.0466689715679751,1.0,-1.2256401918109703,0
0.8435151319596391,1,20,0,-1.4930690809824516,3,0.02607482771080676,1.0,0.27341437380831096,0
0.1672903405543087,0,38,1,-1.3248229961180498,3,-0.05861547223225497,1.0,-0.881868470826558,2
-0.8615366411537247,1,12,1,-1.156576911253648,3,-0.7643679717577694,1.0,-1.1503792030123623,1
-0.8015836120138286,1,1,1,0.7502120505429065,1,1.6351905266289795,1.0,0.099055794428713,1
0.18090352836359713,0,14,0,-0.9322487981011122,3,-1.0184388715869546,1.0,-0.7937922144815285,1
-1.011694227898602,1,5,2,1.1427862485598441,0,0.7600574272173417,1.0,0.17183385703802023,1
-0.9472722229627274,1,12,2,-1.04441285467738,1,-1.1031291715300162,1.0,0.521982589889917,1
-0.4490501751849098,1,34,0,-0.5396746000841744,1,-0.24211112210888872,1.0,-0.714626932702828,2
-0.8747029313834151,0,5,1,-0.8200847415248442,1,1.2964293268567326,1.0,-0.5672488040935035,1
0.31858235961662673,1,32,2,-0.034936345490968856,0,-1.2160495714540986,1.0,0.10385322632582025,2
0.7221308739934849,1,23,0,-0.31534648693163864,1,0.15311027762539936,1.0,0.13163750212140693,0
0.11768470921894739,1,18,0,-0.9883308263892461,3,-0.2703412220899093,1.0,-1.2506378741854716,0
0.2199898782099627,1,27,1,-0.7079206849485763,1,-1.2583947214256295,1.0,0.3819307522255898,0
-0.8783812422308744,1,38,2,-0.8200847415248442,0,-0.5667572718906253,1.0,2.1413429676310707,2
-0.16994544835760683,1,6,2,-0.9322487981011122,1,-0.10096062220378584,1.0,-0.6436198369746868,1
0.5608696012324454,0,34,2,0.5258839373903706,0,0.7177122772458109,1.0,-1.1272647678400234,2
-0.8124122841348534,1,5,1,0.6380479939666386,0,-1.0043238215964443,1.0,1.8522721775755893,1
-0.10029817941412655,1,6,1,-0.8761667698129781,1,0.39306612746407427,1.0,0.9369783117680309,1
-0.27183809650591645,0,36,2,0.5258839373903706,1,-0.7361378717767488,1.0,0.582363884331061,2
-0.594566902449348,1,3,1,-1.3809050244061838,3,-1.2583947214256295,1.0,-0.828935954953316,1
-0.861124120311019,1,2,2,0.46980190910223674,1,-0.07273052222276526,1.0,-0.9470012643062199,1
1.0131643285223613,1,22,2,1.6475245031530499,2,1.804571126515103,1.0,0.616366958814547,0
0.2557760613146829,1,26,0,-1.268740967829916,3,1.2823142768662223,1.0,-0.3041173200136045,0
-1.0085315681045248,1,13,1,-0.7079206849485763,1,-1.4136602713212425,1.0,-0.07695636786010081,1
-0.5265353401397984,1,14,1,-0.14710040206723676,1,-0.6514475718336871,1.0,0.4577812127094276,1
0.06347259514003911,1,10,2,-0.9322487981011122,1,1.9880667763917368,1.0,0.9058792146775815,1
0.4233626536638764,1,13,2,-1.100494882965514,3,-0.7643679717577694,1.0,0.53106198493774,1
-0.3863470070936423,1,41,1,0.18939176766156696,1,1.0423584270275474,1.0,-0.6159274268962787,2
3.898060088510939,1,21,1,0.8623761071191745,2,0.25191562755897134,1.0,-0.1986631321689474,0
-0.9344497001019585,0,32,2,0.021145682797165097,1,0.8024025771888725,1.0,0.9595747263685016,2
-0.003665172010314815,1,2,2,0.9184581354073084,2,0.4354112774356051,1.0,-1.0219968632552008,1
0.14979258147620836,1,29,1,0.46980190910223674,2,-0.3409164720424607,5.0,-0.9317464516036099,0
-0.6826401023670164,1,36,0,0.41371988081410277,1,0.0966500776633582,1.0,-0.33058740568844125,2
-0.544548750271281,1,16,2,0.41371988081410277,1,0.8447477271604035,1.0,1.1417776172649656,0
-0.6372628096693886,1,42,1,-0.7640027132367103,0,-1.4560054212927735,1.0,1.1576142461763737,2
0.9308664204025725,1,26,1,-1.4369870526943178,3,-0.21388102212786814,1.0,-0.9660506414934037,0
-0.3749339304454511,1,28,0,-0.9322487981011122,3,-0.990208771605934,1.0,-0.8107465429519436,0
-0.37476204676099034,1,24,1,1.311032333424246,0,1.6634206266100002,1.0,1.4538301475679718,0
2.2716279126699046,1,22,1,-0.7640027132367103,1,0.2095704775874405,1.0,1.2462876296830643,0
-0.051380082816608254,1,3,2,-1.156576911253648,3,0.8447477271604035,1.0,-1.1457170178655458,1
-0.5028497684211124,1,6,0,0.3576378525259688,2,-0.21388102212786814,1.0,-0.7391270091092782,1
0.48297191543485096,1,38,2,-0.4275105435079065,1,-0.24211112210888872,1.0,0.9954176670210375,2
0.6980327814320929,1,31,1,0.13330973937343302,1,1.2399691268946915,1.0,0.951385918412216,2
2.130373900780092,1,18,0,1.0867042202717103,2,-0.6373325218431768,2.0,-0.49005608340866674,0
-0.9939902083991489,1,28,2,1.7596885597293177,2,-0.256226172099399,1.0,-0.45773211008916825,0
-0.4279772354700266,1,2,2,-1.3248229961180498,3,0.5624467273501977,1.0,-1.1922495554420087,1
-0.5111689387490108,1,6,0,0.46980190910223674,2,0.040189877701317045,1.0,-1.0356236113033668,1
0.3097819149722383,0,8,1,0.46980190910223674,0,1.64930557661949,1.0,1.1817264451102916,1
0.6401079797688334,0,4,2,0.9184581354073084,2,1.5505002266859178,3.0,0.718776818864923,1
-0.5914729961290551,0,5,1,1.1427862485598441,2,0.6612520772837697,1.0,0.24194015837271501,1
-0.8458608491309079,0,7,1,0.3015558242378349,0,-1.2583947214256295,1.0,0.8529569061062484,1
0.3149040487691675,0,2,1,0.9745401636954424,0,1.3528895268187737,1.0,0.5184202415237671,1
0.04013079079027445,0,35,2,1.2549503051361122,2,0.23780057756846107,1.0,-0.18256876888434342,2
-0.3284565821672747,1,9,0,-1.3248229961180498,3,-1.2160495714540986,2.0,-1.1207244391419993,1
1.4647371443375417,1,13,1,-0.20318243035537073,0,0.19545542759693021,1.0,1.4875091402158558,1
-0.5951169302396222,1,42,0,-1.156576911253648,3,-0.5949873718716459,1.0,-1.1359664927172233,2
0.6504897543102602,1,18,1,0.41371988081410277,0,0.6189069273122388,1.0,0.667143182159568,0
1.161293687790602,0,17,1,0.07722771108529905,0,-0.5949873718716459,1.0,2.085736138657739,0
-0.31779979373071066,1,15,1,0.9745401636954424,2,0.3366059275020331,1.0,-0.3856889732172903,1
-0.8892786678256837,1,21,1,-1.100494882965514,3,0.16722532761590964,1.0,-1.0645383457853466,0
-0.15158827085720286,1,26,1,-0.5396746000841744,0,-0.8067131217293002,1.0,0.1773381445923075,0
0.47681847953115764,1,15,1,-0.4835925717960405,1,1.310544376847243,1.0,-0.14753475690807485,1
-0.25220897974050327,1,24,1,1.7596885597293177,2,-0.8067131217293002,1.0,0.6273168419371467,0
1.5627452212170394,0,9,0,1.1427862485598441,0,-0.07273052222276526,1.0,2.397722321498339,1
-0.7549000033142994,0,38,1,-0.7640027132367103,0,-1.1172442215205265,1.0,2.270592928050475,2
-0.8528737034569048,0,17,0,0.46980190910223674,0,-0.4679519219570533,1.0,-1.2523629082080483,0
-0.5695406379918685,1,10,0,-1.4930690809824516,3,0.6189069273122388,1.0,-1.1144316375152616,1
-0.7388804439225611,1,20,0,0.9184581354073084,2,0.8024025771888725,1.0,-0.5174371707788584,0
-0.5124752547509123,0,13,1,0.07722771108529905,1,0.7882875271983623,1.0,1.093747158133395,1
-0.7694413630196757,0,22,2,0.8062940788310404,0,0.39306612746407427,1.0,2.195342146553776,0
1.9886042378368978,0,32,0,0.9745401636954424,2,-0.03038537225123439,1.0,-0.3444846472371891,2
1.091405781688877,1,17,0,-0.14710040206723676,0,0.18134037760641994,1.0,2.3602895935735164,0
1.1857699244578073,0,17,2,-0.4835925717960405,1,-0.9619786716249134,1.0,-0.5643167566202184,0
-0.9974278820883631,1,31,0,1.9279346445937195,2,-0.7784830217482797,1.0,0.13719027435976086,2
-0.0934228320356981,0,21,1,1.8157705880174517,2,0.3224908775115228,1.0,-0.1324789865926852,0
0.6922918663711053,1,5,0,-1.156576911253648,3,0.18134037760641994,1.0,-0.9826987509065566,1
1.8680450215561546,0,1,1,-1.100494882965514,3,2.355058076145004,1.0,-1.2098903249657862,1
-0.5475395263808974,1,13,2,1.8157705880174517,2,-0.9478636216344031,1.0,-0.508671650264729,1
-0.22907343581209147,0,24,1,0.8623761071191745,1,-0.5244121219190945,1.0,-0.09858819243019551,0
-0.020681656771925194,1,8,0,1.5353604465767818,2,-1.2442796714351192,1.0,0.7290300536322509,1
-0.80481502528169,1,3,2,0.5258839373903706,0,1.945721626420206,1.0,0.7299589181059463,1
-0.21618215947753813,1,4,1,1.2549503051361122,0,-0.6514475718336871,1.0,0.21767740173564304,1
-0.33127547459243045,1,3,2,0.6941300222547726,1,-0.5949873718716459,1.0,0.39735143358421693,1
-0.4702262451104694,1,26,0,-0.9322487981011122,3,-1.5124656212548147,1.0,-0.9760512455384904,0
-0.9614698152991822,1,1,1,0.46980190910223674,0,0.6753671272742799,1.0,0.8150418831662383,1
0.5969651749691948,0,38,1,-0.5957566283723084,0,-1.1172442215205265,1.0,2.004437530780112,2
-0.027763264571706504,1,25,1,0.5819659656785047,1,1.7763410265340824,1.0,-0.08851613727174748,0
-0.8595771671508726,1,27,1,-0.9883308263892461,1,-1.1595893714920573,1.0,0.06159754824911898,0
0.21081128945976088,1,3,1,0.5819659656785047,0,-1.2725097714161397,1.0,-0.8492816594829096,1
-0.9116235468055761,1,13,2,-1.4369870526943178,3,1.9033764764486751,1.0,-1.1907541857123785,1
-0.9154049878637116,1,13,2,0.3576378525259688,2,0.40718117745458454,1.0,-0.9408539167316821,1
-0.2677816415526437,1,4,2,-0.9322487981011122,3,-0.256226172099399,1.0,-1.0254341721729685,1
0.6116784183590316,0,15,1,1.8157705880174517,2,-0.29857132207092985,1.0,0.22067069302038078,1
-0.5369171146812254,1,24,1,-1.212658939541782,3,-1.0043238215964443,1.0,-1.0976967660358843,0
-0.6953251182802169,1,42,2,-0.9883308263892461,3,-0.41149172199501216,1.0,-0.8592465379713157,2
-0.8489203787143085,0,20,1,0.07722771108529905,1,1.1129336769800988,1.0,0.9948715763689202,0
-0.8502954481899943,1,4,0,0.9745401636954424,0,0.9153229771129548,1.0,0.8109410996244021,1
-0.3885471182547394,1,7,1,-1.268740967829916,3,0.5483316773596874,1.0,-1.1373904113334923,1
-0.0156626531856723,1,34,2,-0.25926445864350467,1,-1.0607840215584854,1.0,-0.7154001358224149,2
-0.04412659133236619,1,1,0,-0.9322487981011122,3,-0.3832616220139916,1.0,-1.2569944714491386,1
1.5295372933792297,1,27,0,0.3015558242378349,1,0.7600574272173417,1.0,-0.25064126531372216,0
-0.0008119028482668672,0,25,0,-0.9322487981011122,3,-0.3409164720424607,1.0,-0.871051282628772,0
-0.227492105915053,1,16,0,1.1988682768479781,0,-1.526580671245325,1.0,0.15859498646238604,0
-0.007824757174263957,0,6,1,0.13330973937343302,1,-1.0466689715679751,1.0,0.20520407880316427,1
-0.7460308051961267,1,29,0,0.7502120505429065,1,-0.9055184716628722,1.0,0.687800209397378,0
1.6415023254369372,0,23,1,1.9279346445937195,2,0.5342166273691771,1.0,-0.30492880051534926,0
-0.2962799564362296,1,16,2,-1.3809050244061838,3,0.8588627771509137,1.0,-1.0631195308200319,0
-0.9655950237262394,1,29,2,-1.212658939541782,3,1.3952346767903048,1.0,-1.0665160105301648,0
-0.8928538484624663,1,35,0,1.0306221919835763,0,0.2095704775874405,1.0,0.9067800090710278,2
-0.09730740330451015,1,38,0,0.41371988081410277,1,-1.4560054212927735,1.0,-0.9700723184454467,2
1.0564790170064602,1,23,0,-1.3248229961180498,3,-1.230164621444609,1.0,-1.199675367580616,0
-0.9244116929294529,0,26,1,0.7502120505429065,0,-1.1172442215205265,1.0,1.7776695597500949,0
1.387458239804006,0,39,2,0.9184581354073084,2,-0.7925980717387899,1.0,0.39544521995275994,2
1.9396861412393793,1,18,1,0.6941300222547726,0,-0.6796776718147076,1.0,1.2274015693264202,0
-0.8976665916273662,1,41,1,-0.20318243035537073,1,-0.5808723218811356,1.0,-0.5722886594109433,2
-0.5517678650186308,1,26,0,-0.8200847415248442,0,-0.355031522032971,1.0,1.4254717110400186,0
-0.44685006402381267,0,27,2,0.3576378525259688,0,-1.526580671245325,1.0,1.4184439836758518,0
0.45681121865993085,1,3,1,-1.156576911253648,3,-0.3832616220139916,1.0,-1.1545310230637418,1
-0.9770768538482149,1,31,1,-1.156576911253648,3,-1.4136602713212425,1.0,-1.0561377363144546,2
-0.4229238551468817,1,19,2,-0.9322487981011122,1,0.6894821772647903,2.0,1.0669325760191384,0
0.01623895865023562,1,17,0,-0.4835925717960405,1,0.774172477207852,1.0,1.0949771380133986,0
0.373722645591623,1,27,2,1.1988682768479781,2,-0.5102970719285842,1.0,-0.7975025687253551,0
-0.1436816213720101,1,27,2,0.46980190910223674,2,0.7318273272363212,1.0,-0.22724868116437014,0
-0.7464433260388326,0,17,2,-1.4369870526943178,3,-0.32680142205195045,1.0,-1.0548337534956131,0
-0.6954970019646776,1,1,2,-1.268740967829916,3,-1.3148549213876706,1.0,-1.230475901090235,1
0.2799772840867511,0,16,1,-0.20318243035537073,0,-0.03038537225123439,1.0,1.908300057752656,0
2.0801151114437806,1,12,2,-1.268740967829916,3,-0.7784830217482797,1.0,0.901686565418567,1
-0.5359545660482454,1,15,1,-1.4930690809824516,3,-1.3148549213876706,4.0,-1.165960649376052,1
1.8884991800069795,1,17,1,-0.9322487981011122,3,0.774172477207852,1.0,-1.1920249948000166,0
-0.010024868335361016,0,9,1,1.1988682768479781,0,-1.2583947214256295,1.0,2.007762559376884,1
-0.9612979316147217,1,5,1,1.311032333424246,2,1.310544376847243,1.0,0.32867925816769994,1
1.0489505116270812,1,11,1,-0.9322487981011122,3,-1.0184388715869546,1.0,-1.2696872513726554,1
-0.8374041718554408,0,30,1,0.6941300222547726,2,0.37895107747356394,1.0,-0.8620994788548081,2
0.40108652815776813,1,37,2,-0.8761667698129781,0,2.1715624262683706,1.0,0.12918009418687826,2
2.0216746587271386,1,7,1,0.9184581354073084,2,-0.7220228217862384,1.0,0.7172304126257489,1
0.48792216554731943,1,38,2,0.24547379594970092,1,-0.45383687196654304,1.0,-0.9194594119309656,2
-0.7621534947985416,1,10,1,-1.4930690809824516,3,1.3952346767903048,1.0,0.22517721681308892,1
1.0237867402220329,0,35,0,-1.4369870526943178,3,0.5906768273312183,1.0,-0.8726793472832158,2
-1.0040282155716544,1,6,1,1.7596885597293177,2,-0.7079077717957282,1.0,-0.4600593749243608,1
-0.16760783024894113,1,5,0,-1.04441285467738,1,1.0847035769990783,1.0,-0.5263430416942331,1
0.42429082555996417,1,38,1,-1.3809050244061838,3,-0.7502529217672591,1.0,-1.2054118712533273,2
-0.3723900519154325,1,33,1,0.7502120505429065,1,-1.3572000713592014,1.0,0.3768475158750379,2
-0.773154050604027,1,1,1,1.7596885597293177,2,1.310544376847243,1.0,-0.7218103214211028,1
-0.3780278367657439,0,17,2,1.7036065314411837,2,1.0988186269895885,1.0,-0.016258647059785917,0
-0.919839586922798,1,17,1,0.9745401636954424,0,0.02607482771080676,1.0,1.8460304124583953,0
3.2231416131075106,0,38,1,-1.3809050244061838,3,-0.03038537225123439,1.0,-1.1925532226737936,2
2.960847110620465,1,28,2,-0.20318243035537073,0,0.4212962274450948,1.0,0.35877293602013877,0
-0.43952781906578636,1,37,1,0.9745401636954424,2,0.18134037760641994,1.0,0.020263079169681297,2
-0.8301163036343067,1,2,1,0.5258839373903706,0,0.011959777720296473,1.0,0.9920262909618593,1
-0.8420794080727723,1,19,0,-0.5957566283723084,0,-0.7079077717957282,1.0,0.7199761768391998,0
0.9939477325996536,1,29,2,-0.9883308263892461,3,0.3366059275020331,1.0,-1.1719880611531621,0
-0.9516380685480297,0,16,2,0.9745401636954424,2,-0.08684557221327555,1.0,0.5867172985951382,0
3.779700983391293,0,2,0,-1.04441285467738,3,0.3366059275020331,1.0,-1.010215085027039,1
-0.7634254340635508,0,0,2,-0.5957566283723084,0,0.9717831770749961,1.0,2.4680812535552747,1
-0.5601557888203136,1,7,2,1.5353604465767818,2,-0.990208771605934,1.0,0.20020505269335964,1
-0.8890380306674385,1,29,0,0.6380479939666386,2,-1.1595893714920573,1.0,0.2031064782609186,0
0.5279710640266653,1,15,2,-0.6518386566604424,1,-1.484235521273794,1.0,-0.1817011482221007,1
0.19561677175343395,0,13,2,-1.04441285467738,3,-1.230164621444609,1.0,-1.2524649812271356,1
0.445501272222416,1,33,0,-0.09101837377910281,1,1.6351905266289795,1.0,-0.6762449257004931,2
-0.14863187148447857,1,4,1,-1.212658939541782,3,-0.256226172099399,1.0,-1.1211914232043239,1
-0.3710149824397469,1,3,0,0.24547379594970092,0,2.044526976353778,1.0,1.9904918045472977,1
-0.3144308735152807,0,28,2,0.8062940788310404,2,0.11076512765386849,1.0,0.646363667298853,0
-0.704297446609066,1,5,2,0.41371988081410277,2,-0.9619786716249134,1.0,-1.0408778199608901,1
1.178997707290055,1,7,0,-1.212658939541782,3,-1.3430850213686911,1.0,-0.8909580731762898,1
0.05656287102471855,0,9,1,-0.9883308263892461,3,-1.4277753213117528,2.0,-1.0175898606561027,1
1.850684769425623,1,41,2,0.9184581354073084,2,-0.8067131217293002,1.0,-0.8578455857843412,2
2.73980469240399,1,37,0,-0.8761667698129781,1,-0.9619786716249134,1.0,0.9183729522138775,2
-0.37349010749598116,0,4,1,0.46980190910223674,0,-0.8208281717198105,1.0,1.9100837837612081,1
-0.7090414363001817,0,23,1,1.2549503051361122,2,-0.5667572718906253,1.0,-0.8628165418138971,0
1.0705734791322385,1,42,0,1.8718526163055855,2,0.6894821772647903,1.0,-0.41047485407718504,2
1.9292356132241677,0,7,1,1.8718526163055855,2,-0.7361378717767488,1.0,-1.0071554462798946,1
-0.6809556422593015,1,30,0,0.3015558242378349,0,-0.8067131217293002,1.0,0.33161896111741657,2
-0.9258211391420308,0,40,2,-0.25926445864350467,0,-0.9760937216154236,1.0,-1.1261292055026761,2
-0.6429005945197,1,6,2,1.423196390000514,0,-0.5244121219190945,1.0,0.49601266200860855,1
0.5942494127547154,0,16,2,1.36711436171238,0,0.054304927691827334,2.0,2.0152904445345787,0
-0.8452076911299572,0,37,1,-0.9322487981011122,3,-0.3409164720424607,1.0,-1.2729969690165637,2
-0.7544874824715937,1,28,1,-0.7079206849485763,0,-0.9619786716249134,1.0,-0.952528518289802,0
0.12332249406925887,1,14,1,0.41371988081410277,0,-1.0607840215584854,1.0,0.0366891797663191,1
-0.918636401131573,1,14,0,-0.6518386566604424,0,2.4679784760690864,1.0,2.3617313749681257,1
1.417469131110846,1,36,2,1.2549503051361122,2,-0.07273052222276526,1.0,0.1357484929651516,2
-0.2676785113419673,1,25,0,-0.20318243035537073,1,-1.0184388715869546,1.0,-0.42247098564543034,0
-0.9309776496758522,1,1,0,-0.8761667698129781,0,-0.3409164720424607,1.0,1.4225549745195964,1
-0.675764754988588,1,40,0,0.24547379594970092,1,-0.3126863720614401,1.0,-0.7846056427636636,2
-0.4656197623669223,1,27,0,0.8062940788310404,1,0.37895107747356394,1.0,1.1246829383933055,0
-0.9885930607070825,1,18,0,0.5819659656785047,2,-1.2725097714161397,1.0,-0.6687297996701842,0
-0.0941103667735409,1,20,1,-0.3714285152197726,0,-1.1737044214825676,1.0,0.3646268236648006,0
-0.17365813594195814,1,35,0,-0.31534648693163864,1,0.44952632742611537,1.0,-1.1010728311421998,2
0.21160195440828,0,17,2,-1.100494882965514,3,2.3832881761260247,1.0,-1.2437734636518447,0
-0.6469226727360806,1,39,1,-0.3714285152197726,0,-0.42560677198552244,1.0,1.9910557579777555,2
-0.2831824196803234,0,8,1,-0.8200847415248442,1,0.23780057756846107,1.0,0.9195569992352914,1
-0.25375593290064963,1,6,2,1.0867042202717103,2,-0.7361378717767488,1.0,0.17197420743926542,1
1.068063977339112,1,13,2,0.5819659656785047,1,0.5201015773786668,1.0,-0.5364993070934281,1
1.8634385388126076,0,7,1,-1.3809050244061838,3,-0.7361378717767488,1.0,-0.9841941206361867,1
-0.3257408199527955,1,31,0,0.8623761071191745,0,-0.7643679717577694,1.0,2.167369035672877,2
-0.7123416030418274,1,7,0,-1.04441285467738,1,2.3127129261734733,1.0,0.5164298176515633,1
-0.818118822458949,0,0,1,0.9184581354073084,2,0.02607482771080676,1.0,0.546674053207156,1
0.3294110317376516,1,22,1,1.5353604465767818,2,-1.0325539215774648,1.0,0.5677955126818138,0
-0.9581008950837524,1,7,0,-0.09101837377910281,0,-1.0607840215584854,1.0,1.2131419685599125,1
0.8914363031872853,0,42,2,1.9840166728818536,2,-1.0043238215964443,1.0,-0.5422204998132761,2
-0.8285693504741604,0,4,2,-0.7640027132367103,0,-0.29857132207092985,1.0,1.0794543836356836,1
0.33405189121809076,0,24,2,-1.4930690809824516,3,0.6612520772837697,1.0,-0.8496312595732839,0
-0.031097808050244202,1,27,0,1.7036065314411837,2,-0.05861547223225497,1.0,0.15053376977995958,0
-0.8662462541079482,1,37,2,-0.6518386566604424,0,1.5928453766574486,1.0,0.03372140673635328,2
0.12858213481375655,1,34,0,1.0306221919835763,2,-1.0325539215774648,1.0,0.34495990471213805,2
0.30930064065574836,1,39,2,-1.156576911253648,3,-0.7361378717767488,1.0,-1.2258647524529624,2
0.7657893298465055,0,34,2,0.3576378525259688,1,-0.7643679717577694,1.0,1.0480745857427436,2
1.6821012517065572,1,22,2,-1.100494882965514,3,-1.145474321501547,1.0,-1.2230169152204244,0
-0.9157831319695252,0,33,0,0.18939176766156696,0,0.011959777720296473,1.0,-1.1099633911047113,2
-0.9480972646481389,1,30,0,-1.3248229961180498,3,-0.42560677198552244,1.0,-0.9934853171986162,2
-0.3264971081644226,1,38,0,0.6380479939666386,2,0.8588627771509137,1.0,-0.9010990276226217,2
0.06134123745272628,0,33,1,0.24547379594970092,0,0.7318273272363212,1.0,0.67014157709526,2
-0.3639333746399656,1,0,2,0.5258839373903706,1,-1.145474321501547,3.0,-0.6335962665003054,1
4.168570631115207,1,28,2,1.1988682768479781,2,-0.9760937216154236,1.0,-0.7741125364014801,0
-1.0238635927584205,1,28,2,-1.3809050244061838,3,0.7459423772268314,1.0,-0.8318731060775556,0
-0.3001989044419338,1,23,0,1.479278418288648,2,0.576561777340708,1.0,0.07733720779239397,0
0.3731726178013486,1,23,0,0.6941300222547726,0,-0.18565092214684756,1.0,2.016482147032424,0
0.4290348152510798,1,40,0,-0.25926445864350467,1,-0.1291907221848064,1.0,0.6437863235668966,2
-0.9538725564460188,0,30,0,-0.5396746000841744,0,1.4799249767333664,1.0,1.8901923041665534,2
-0.4252614732555474,1,37,0,-1.4369870526943178,3,-1.187819471473078,1.0,-1.0121825424699484,2
-0.8362009860642159,0,37,1,0.7502120505429065,2,-1.1313592715110368,1.0,-0.6037960485777427,2
-0.32106558373546423,1,28,1,0.24547379594970092,0,-0.355031522032971,5.0,0.005983063799355779,0
-0.9678638883611207,1,40,1,-1.04441285467738,1,0.5483316773596874,1.0,0.25421443891797346,2
-0.7108290266185731,1,25,1,0.7502120505429065,1,-0.6091024218621562,1.0,-0.6317002601707572,0
-0.8541800194588063,1,32,0,0.5819659656785047,1,-0.1291907221848064,1.0,-0.31953034589580004,2
0.6499397265199861,0,20,1,-0.9322487981011122,3,-0.5102970719285842,1.0,-1.2178265021998307,0
0.36956306042767384,1,40,2,-0.4275105435079065,1,-1.0748990715489957,1.0,1.189443165353298,2
0.738597330964821,1,8,1,0.6941300222547726,1,0.3224908775115228,1.0,1.1460085439061378,1
0.16447144812915304,1,32,0,-0.7640027132367103,0,0.6047918773217286,1.0,0.6458609576798477,2
0.20097954270860813,1,27,2,0.13330973937343302,1,-0.9619786716249134,1.0,-0.6654787740122509,0
-0.9893149721818175,1,21,2,-0.4835925717960405,1,2.2562527262114322,1.0,-0.7542389195851659,0
-0.2970362446478567,1,1,1,-0.8200847415248442,0,-0.1291907221848064,1.0,0.33665371278390205,1
-0.2633470424935573,0,28,1,-1.212658939541782,3,1.070588527008568,1.0,-1.1193158314785931,0
-0.6229620871222574,1,22,0,0.021145682797165097,0,2.016296876372757,1.0,0.6695367944571673,0
0.10544659088534473,0,36,2,-0.31534648693163864,0,1.7904560765245927,1.0,0.4780707770785229,2
-0.7582345467928372,1,21,1,0.5258839373903706,2,-0.9196335216533825,1.0,0.016591002308012682,0
0.4250471137715914,1,38,2,1.2549503051361122,0,-0.24211112210888872,1.0,1.7703432688050975,2
0.05360647165199427,1,28,1,1.5914424748649159,2,0.44952632742611537,1.0,0.5103896467470671,0
0.3906016234056649,1,42,1,-0.8761667698129781,0,0.4636413774166257,1.0,0.8794295436065622,2
0.7240903479963369,1,6,1,0.8062940788310404,2,-0.4397218219760327,1.0,0.6499464302688203,1
-0.49851829957270244,1,29,0,-1.156576911253648,3,1.1411637769611196,1.0,-0.9700442483651976,0
-0.9456565163287969,1,19,1,1.0306221919835763,2,0.6471370272932594,1.0,0.22077531786494534,0
-0.7865953547288546,1,20,2,-1.100494882965514,3,0.12488017764437878,1.0,-1.1189356094824927,0
-0.8485766113453871,0,2,1,-0.9322487981011122,3,-0.7643679717577694,1.0,-0.8546532521123833,1
0.37661029149056285,1,10,0,-1.100494882965514,3,2.016296876372757,1.0,-1.2299298104381178,1
0.5539942538540169,1,40,1,-1.100494882965514,3,-0.8631733216913414,1.0,-1.266426018412813,2
0.011907489801825728,1,39,1,0.24547379594970092,0,-0.03038537225123439,1.0,1.3514509094233225,2
-0.9640136938292008,1,36,2,1.0306221919835763,0,-0.41149172199501216,1.0,-1.0323164454849354,2
-1.006572094101673,0,37,2,-0.7079206849485763,0,0.16722532761590964,1.0,1.9912139711573411,2
0.3550217007222976,1,20,1,-0.09101837377910281,1,1.8469162764866338,1.0,0.7948824618964793,0
-0.5249196335058677,1,40,2,-0.3714285152197726,1,-1.3572000713592014,1.0,0.03850863133155181,2
-0.906810803640676,1,30,0,-1.156576911253648,3,1.8469162764866338,1.0,-0.9209088488020064,2
1.6586563171461164,0,40,2,-1.212658939541782,3,0.3507209774925434,1.0,0.3622970070041309,2
-0.05309891966121536,1,13,0,-0.5396746000841744,0,0.576561777340708,1.0,2.2220189300922644,1
0.024661259188810434,1,19,2,1.311032333424246,0,0.37895107747356394,1.0,2.0070276336394546,0
-0.3860032397247209,1,2,2,-0.7079206849485763,0,-0.05861547223225497,1.0,1.1470777587810779,1
0.5151485411658961,1,40,1,-0.8761667698129781,1,-0.6373325218431768,1.0,0.6254055246547352,2
-0.0646151265200829,1,28,0,-1.4369870526943178,3,-1.0184388715869546,1.0,-0.9952052475702388,0
1.0761768872456579,1,11,0,-0.9883308263892461,3,0.011959777720296473,1.0,-1.0719590542729998,1
-0.0787095886458613,1,27,2,0.5258839373903706,1,-0.552642221900115,1.0,-0.9858885327530374,0
0.4458450395913375,1,38,1,-1.4930690809824516,3,0.9717831770749961,1.0,-0.9222077279698935,2
-0.6713301559295016,1,39,1,1.7596885597293177,2,-1.0325539215774648,1.0,-0.4758424155007481,2
-0.9470315858044824,1,39,2,-1.4369870526943178,3,0.3507209774925434,1.0,-1.01611490553029,2
-0.7900330284180688,1,4,2,0.6380479939666386,1,2.439748376088066,1.0,-0.4798513333254052,1
-0.9090796682755575,0,27,2,1.0306221919835763,0,0.36483602748305366,1.0,1.9461104558481017,0
0.22201810568659922,0,24,0,1.0306221919835763,2,0.23780057756846107,1.0,-0.7790248004450607,0
-0.7730165436564583,1,37,1,-1.3809050244061838,3,0.7318273272363212,1.0,-0.9655428282234438,2
1.2251656649362024,0,2,2,-1.100494882965514,3,-0.2279960721183784,1.0,-1.257788089172543,1
-0.9609541642458002,0,22,1,0.24547379594970092,1,0.576561777340708,1.0,-0.22027709396070166,0
0.31266956087117836,1,9,0,-0.9883308263892461,3,-1.1172442215205265,1.0,-1.1055997695387254,1
-0.7947426413722923,1,39,0,-0.31534648693163864,0,-0.49618202193807387,1.0,-1.077504171034922,2
0.1285133813399723,1,28,1,0.021145682797165097,1,0.49187147739764625,1.0,-0.5283360173919143,0
-0.8936445134109856,1,0,2,-1.4369870526943178,3,0.7600574272173417,1.0,-1.0141908291204926,1
2.6775484218923205,1,11,1,0.8623761071191745,0,0.7459423772268314,1.0,1.7199676820599945,1
0.2128738936732893,1,9,2,1.311032333424246,2,-0.7361378717767488,1.0,0.33352517474887355,1
0.9268443421861919,1,22,2,1.0306221919835763,0,-0.5667572718906253,1.0,2.243222047982192,0
-0.27469136566796426,1,2,0,-1.4369870526943178,3,0.9153229771129548,1.0,-1.1413687072524232,1
-0.3028802899195209,1,10,0,-1.4369870526943178,3,-1.1313592715110368,1.0,-0.8052473590486106,1
-0.9868742238624755,1,40,1,-1.4369870526943178,3,2.2562527262114322,1.0,-1.0535961181391786,2
-0.7379522720264733,1,27,2,0.6380479939666386,2,-0.15742082216582698,1.0,-0.8225614949113087,0
0.16113690465061534,1,2,2,-0.5957566283723084,0,-0.19976597213735783,1.0,0.12359925186827515,1
-0.43248058800289724,1,12,0,-0.4835925717960405,1,2.298597876182963,1.0,0.9204986228363723,1
-0.35255467472866653,1,29,2,0.8623761071191745,2,1.9033764764486751,1.0,-0.5866452295455844,0
-0.404394793962017,1,14,0,-1.100494882965514,3,-1.2160495714540986,1.0,-1.0875456042876437,1
1.3560035255476957,1,5,1,0.46980190910223674,2,-0.15742082216582698,1.0,-0.674198361667791,1
-0.5183536767594685,0,23,2,-0.5957566283723084,0,-0.3973766720045019,1.0,2.17720121923647,0
-0.6552762198008711,1,20,1,-1.3809050244061838,3,-0.24211112210888872,1.0,-0.9477974338551015,0
5.269691890507415,0,8,2,0.9745401636954424,0,-0.5244121219190945,1.0,1.6342977971399504,1
-0.7445526055097647,1,42,1,-1.100494882965514,3,-0.32680142205195045,1.0,-1.0789357451276227,2
0.23164359201639909,0,39,2,1.7596885597293177,2,1.3528895268187737,1.0,0.5240980532105031,2
0.6634841608554901,0,15,2,-0.5396746000841744,1,0.06841997768233762,1.0,0.6992681130918461,1
0.5318212585585852,1,20,1,1.9840166728818536,2,0.4354112774356051,1.0,-0.06453918508812015,0
-0.7207982803172943,1,12,0,0.9745401636954424,0,-0.41149172199501216,1.0,1.8597362670963544,1
-0.49009599903412765,1,3,0,-0.8761667698129781,1,-0.7643679717577694,1.0,-0.27700927796947156,1
2.384796130518837,1,25,2,-0.09101837377910281,1,2.5385537260216378,1.0,-0.4084078754406655,0
-0.8898630723528499,1,9,0,1.8157705880174517,2,-0.19976597213735783,1.0,0.34930055984882924,1
-0.5021966104201617,1,13,0,-0.14710040206723676,1,-0.1291907221848064,3.0,-0.11954378324883613,1
-0.7539718314182117,0,19,0,0.18939176766156696,1,-0.990208771605934,1.0,0.3513828494382119,0
-0.9336590351534392,1,16,2,0.18939176766156696,1,0.8306326771698932,1.0,-0.06092580021242667,0
-0.7372991140255226,1,33,0,0.18939176766156696,0,0.36483602748305366,1.0,1.928832045542084,2
-0.533926338571609,1,36,1,1.311032333424246,0,0.4212962274450948,1.0,1.6873425933341881,2
-0.8322820380585116,1,12,0,-0.5396746000841744,0,-0.355031522032971,1.0,-1.0618078925247592,1
1.6376521309050174,1,21,1,0.9184581354073084,0,-1.2583947214256295,1.0,1.6637892441797737,0
-0.6625297112851132,1,34,0,-1.100494882965514,3,0.5624467273501977,1.0,-1.0271183769879104,2
-0.6162586234282897,1,41,2,-0.9322487981011122,3,2.4679784760690864,1.0,-0.8873421364751191,2
-0.8658681100021346,1,38,1,-1.212658939541782,3,1.367004576809284,1.0,-1.1795312572637202,2
1.2431103215939008,0,38,1,-1.3248229961180498,3,0.39306612746407427,1.0,-1.2725248813032846,2
0.2745801363946848,1,24,2,1.5353604465767818,2,0.5624467273501977,1.0,-0.6727846503534307,0
-0.6325188199782731,1,4,1,1.36711436171238,2,0.39306612746407427,1.0,0.20122067923327905,1
-0.9859116752294954,0,21,2,0.5819659656785047,2,-1.1172442215205265,1.0,-0.8049972801518466,0
-0.6964595505976576,1,29,2,0.6941300222547726,2,-1.4560054212927735,1.0,-0.25888110977955153,0
-0.5746627717887975,0,15,1,-0.9322487981011122,1,0.40718117745458454,1.0,-1.080306075408871,1
-0.0863756009728089,1,4,2,1.311032333424246,2,0.7600574272173417,1.0,0.6935162984662718,1
-0.7726040228137527,1,37,1,-1.156576911253648,3,-1.0325539215774648,1.0,-0.998208746156885,2
-0.9218334376625422,1,37,0,0.7502120505429065,0,1.7339958765625516,1.0,1.4856616185703742,2
0.03143347635656255,1,38,0,-1.4369870526943178,3,0.2236855275779508,2.0,-0.87345510222828,2
1.7957163671350875,0,13,2,0.46980190910223674,1,1.7339958765625516,1.0,0.13480686936407033,1
-0.49855267630959466,1,11,0,0.6380479939666386,1,-0.05861547223225497,1.0,0.9645507860490118,1
-0.842766942810615,1,40,1,-0.20318243035537073,0,0.36483602748305366,1.0,0.4841670881435172,2
0.2967187549532244,1,17,0,0.8623761071191745,1,-0.7784830217482797,1.0,0.6986837450575708,0
-0.2154602480028032,1,31,1,0.3576378525259688,2,0.774172477207852,1.0,0.2755068706996024,2
-0.632071922398675,1,9,0,0.6380479939666386,0,-0.7925980717387899,1.0,1.1304934450048545,1
-0.9813739459597326,1,12,1,-0.6518386566604424,0,-0.8349432217103208,1.0,0.33859820379751676,1
2.403875219493976,1,13,0,-1.212658939541782,3,0.3507209774925434,1.0,-1.0073315222378203,1
0.2592824884776813,1,7,0,-0.5396746000841744,1,1.6210754766384692,1.0,0.3411347183218382,1
0.1304728553428244,1,35,1,-0.9322487981011122,3,0.6189069273122388,1.0,-0.8825574637053978,2
-0.638809762829535,1,39,1,0.7502120505429065,0,-0.256226172099399,1.0,0.5808736182523854,2
0.6767535812958568,1,34,0,-0.25926445864350467,1,0.16722532761590964,1.0,0.46190496268055803,2
0.9057714024713088,1,34,2,1.1427862485598441,0,-1.3713151213497117,1.0,1.6983103392351284,2
0.4910504486045045,1,35,2,-0.14710040206723676,0,0.39306612746407427,1.0,0.563863149621472,2
-0.7775886496631134,1,20,1,-0.8761667698129781,0,-0.9760937216154236,1.0,1.4100790997616408,0
-0.1424440588438929,0,33,2,0.5258839373903706,2,0.23780057756846107,1.0,-0.841868606471688,2
-0.45221283497898684,0,15,1,0.8062940788310404,0,-0.29857132207092985,1.0,2.00997754389108,1
-0.07506565453529422,1,21,1,0.6380479939666386,0,0.3224908775115228,1.0,-1.2689446701587943,0
-0.9028574788980798,1,16,0,1.2549503051361122,0,0.6189069273122388,1.0,0.15278447985083662,0
-0.8936445134109856,1,32,1,0.3015558242378349,1,0.6330219773027491,1.0,1.2213767093747876,2
0.7155992939839777,0,3,0,1.0867042202717103,2,-0.4820669719475636,1.0,0.29934602430746177,1
1.5064705029246026,1,16,2,-0.7640027132367103,0,-1.3007398713971603,1.0,2.3413933259149644,0
0.31397587687307976,0,2,0,0.41371988081410277,1,0.4354112774356051,1.0,0.34609036339853094,1
-0.9368216949475163,1,29,0,0.8623761071191745,1,0.6471370272932594,1.0,0.420496490662282,0
0.50878884484085,1,39,0,-1.100494882965514,3,1.7339958765625516,1.0,-1.0424573999312674,2
-0.5168754770731064,1,33,1,-1.212658939541782,3,-1.484235521273794,1.0,-0.8629773068189598,2
3.199490418125716,1,37,0,-1.04441285467738,3,1.8892614264581646,1.0,-0.8351062689571486,2
-0.8658337332652425,1,14,2,1.8157705880174517,2,2.284482826192453,1.0,0.003614969756528454,1
-0.11250192101083709,1,42,1,-0.6518386566604424,1,-0.6091024218621562,1.0,0.03479827708772529,2
0.1528864877965011,1,4,2,-1.3809050244061838,3,-0.41149172199501216,1.0,-1.2132459754682843,1
0.40964633564391156,0,27,2,-0.7079206849485763,0,-1.0607840215584854,1.0,1.364944962546675,0
-0.9091484217493417,1,8,2,1.0306221919835763,2,-0.6232174718526665,1.0,-0.1962822789987341,1
-0.8027524210681615,1,12,1,0.5819659656785047,2,0.7459423772268314,1.0,0.30588890483096337,1
-0.9449002281171697,0,24,1,-1.3248229961180498,3,0.02607482771080676,1.0,-1.2311470311907349,0
-0.043335926383846854,0,5,1,0.46980190910223674,0,-0.15742082216582698,1.0,0.32491276376337525,1
-0.7776917798737898,1,26,0,-1.268740967829916,3,1.945721626420206,1.0,-0.8304874648434444,0
0.03679624731173675,1,3,0,0.46980190910223674,2,-1.1172442215205265,1.0,-0.2876019055252652,1
-0.03322916573755704,1,31,1,1.1988682768479781,2,-0.6796776718147076,1.0,-0.13180020101575413,2
-0.5178380257060864,0,0,2,1.1427862485598441,0,1.1976239769231607,1.0,0.6033654080082911,1
-0.7795137469290733,1,24,2,0.24547379594970092,1,0.3366059275020331,3.0,0.31934723239763535,0
-0.43911529822308065,1,16,0,-0.8200847415248442,0,-0.03038537225123439,1.0,0.24016408784059448,0
2.294866586808993,1,33,0,0.46980190910223674,1,-1.2442796714351192,1.0,-1.1043723414841997,2
1.5071924143993374,1,30,0,0.5819659656785047,1,-0.002155272270213815,1.0,1.2076963729916004,2
-0.2910890691655162,1,8,0,0.021145682797165097,1,-1.4560054212927735,1.0,-0.34633472070814797,1
-0.7013066704994496,1,24,1,-0.9883308263892461,3,1.1693938769421401,1.0,-1.1347288573607885,0
-0.11748654786019767,0,36,1,0.6941300222547726,2,1.5928453766574486,1.0,-0.23779792768705169,2
-0.7583376770035136,0,13,2,0.3576378525259688,0,1.1411637769611196,1.0,1.527570248382178,1
-1.0122098789519842,1,24,2,1.36711436171238,0,0.36483602748305366,1.0,1.25639796222367,0
-0.2520027193191504,1,4,2,-1.4930690809824516,3,0.12488017764437878,1.0,-1.1649603337889956,1
-0.8037149697011414,1,21,0,0.5819659656785047,2,-0.7502529217672591,1.0,0.6218074507319049,0
-0.6404598462003578,1,17,2,0.9745401636954424,0,-1.0043238215964443,1.0,1.4785292663616427,0
2.162516149774245,1,37,0,0.8062940788310404,2,0.4636413774166257,1.0,0.5131787919936298,2
1.0849429551531542,0,13,1,0.9184581354073084,2,-1.1737044214825676,1.0,0.5648532579066197,1
-0.9351372348398013,1,3,1,-1.3809050244061838,3,-1.4277753213117528,3.0,-1.2104849003019706,1
-0.4388059075910514,1,37,1,0.8623761071191745,1,1.1129336769800988,1.0,-0.716852124518933,2
0.15873053306816523,1,35,1,-1.268740967829916,3,0.040189877701317045,1.0,-0.8102616961112785,2
1.9753691941334228,1,42,2,-1.268740967829916,3,2.3691731261355145,1.0,-1.1714343150246131,2
-0.0176908806623088,1,22,1,-0.4275105435079065,1,-0.9055184716628722,1.0,-0.9892594942083984,0
-0.9269899481963636,1,14,0,-1.4930690809824516,3,1.7339958765625516,1.0,-1.0264829724440914,1
-0.30621483339805866,1,12,0,-1.3248229961180498,3,-0.6514475718336871,1.0,-1.2518448876361798,1
-0.9558320304488709,1,6,0,1.5353604465767818,2,0.7177122772458109,1.0,0.5236565874029502,1
-0.4230957388313423,1,31,2,-0.9322487981011122,3,-0.6937927218052179,1.0,-0.918581583966814,2
-0.7170855927329429,0,21,1,-0.20318243035537073,1,0.19545542759693021,1.0,0.9098192332143548,0
-0.784257736620189,1,3,1,-0.9322487981011122,3,-1.2583947214256295,1.0,-1.257913128620925,1
0.27048930470451965,0,26,2,-1.3248229961180498,3,-0.45383687196654304,1.0,-1.085019297065231,0
-0.5141253381217351,0,8,1,1.479278418288648,2,-0.18565092214684756,1.0,0.14889039417265273,1
0.31170701223819824,0,17,2,-1.04441285467738,3,-1.2725097714161397,1.0,-0.876575984786877,0
-0.6796837029942921,1,39,1,1.0306221919835763,0,-1.0043238215964443,1.0,1.2958415286245137,2
-0.553005427546748,1,14,1,1.0867042202717103,0,-0.8067131217293002,1.0,2.2339716806273975,1
1.9670500238055242,1,38,0,0.3576378525259688,2,1.5363851766954075,1.0,-0.3584303734700034,2
0.5529285750103605,1,11,1,0.41371988081410277,1,0.8447477271604035,1.0,0.13431947069792807,1
0.10056509424666067,0,22,1,-1.3809050244061838,3,0.774172477207852,1.0,-1.2125008424289463,0
1.5780772458709347,1,33,2,0.46980190910223674,1,-1.1595893714920573,1.0,-0.09970589198920243,2
-0.8623960595760283,0,22,2,1.5914424748649159,2,0.5624467273501977,1.0,0.3996735947684551,0
-0.43701831727266,1,26,1,-1.04441285467738,3,2.4256333260975556,1.0,-0.9769188662007332,0
-0.1226086816571269,0,36,2,-0.4275105435079065,0,2.1715624262683706,5.0,1.9770079587258538,2
1.2411852243279407,1,4,0,-1.268740967829916,3,1.1835089269326504,1.0,-0.9829615889307065,1
-0.9163675364966917,1,18,2,-1.100494882965514,3,2.298597876182963,1.0,-1.0765268218771602,0
-0.16530458887716765,1,18,0,0.9745401636954424,2,-0.45383687196654304,1.0,-0.9064348946954149,0
0.8802294869604469,1,33,0,0.24547379594970092,0,-0.17153587215633725,1.0,2.481302261352569,2
-0.9271962086177165,1,34,1,0.5819659656785047,0,-0.3126863720614401,1.0,-1.255468479813782,2
-0.9670044699388172,1,36,0,0.24547379594970092,0,-0.3691465720234813,1.0,1.7233718172465589,2
2.058113999832809,1,9,2,-0.6518386566604424,0,0.6753671272742799,1.0,1.5446598236028837,1
-0.47816727133255427,1,19,0,0.24547379594970092,1,-1.1595893714920573,1.0,-1.2054297340316675,0
-0.831181982477963,0,15,2,1.7036065314411837,2,1.0564734770180577,1.0,0.33237430145866326,1
-0.3235063320548062,1,30,2,0.41371988081410277,2,1.3387744768282634,1.0,-0.06463105080529871,2
-0.8494704065045827,1,11,1,-0.8761667698129781,0,-0.6232174718526665,1.0,-0.9592270601674118,1
-0.6765897966739994,0,6,2,-0.7079206849485763,1,-0.6373325218431768,1.0,-0.5918279870897465,1
0.0062697049515144454,1,10,0,-0.9883308263892461,3,0.02607482771080676,1.0,-0.9507039630736149,1
-0.961676075720535,1,26,1,-1.3248229961180498,3,-0.5949873718716459,1.0,-0.9697431329588898,0
1.4934417196424805,0,38,0,-1.04441285467738,3,-0.05861547223225497,1.0,-1.1871203862328674,2
-0.8009304540128779,1,26,0,-0.5957566283723084,1,0.4212962274450948,1.0,0.8654659545954073,0
-0.7941926135820181,0,20,0,-1.156576911253648,3,-0.9055184716628722,1.0,-1.0447081100021445,0
-0.5521460091244444,1,39,1,0.5819659656785047,0,-1.0325539215774648,1.0,2.3425339919032657,2
0.3446743029177628,1,8,0,-1.268740967829916,3,-0.9055184716628722,1.0,-0.82420997416957,1
0.5890929022208942,1,27,0,-1.3809050244061838,3,0.40718117745458454,1.0,0.9051264261618118,0
-0.8955696106769456,1,16,0,0.6941300222547726,0,0.872977827141424,1.0,-1.2335891281724007,0
-0.47390455595792863,1,42,0,-0.7640027132367103,1,-1.484235521273794,1.0,0.11059259741106497,2
0.059450516923658416,0,27,1,-1.212658939541782,3,-0.3832616220139916,1.0,-1.0625759919933915,0
0.4677773977285242,1,1,0,-1.3248229961180498,3,0.39306612746407427,5.0,0.06171748404654649,1
-0.454412946140084,1,17,0,-1.04441285467738,3,-0.5102970719285842,1.0,-1.1499709109360128,0
-0.29817067696529737,1,37,1,0.13330973937343302,1,1.0423584270275474,1.0,-0.08503799914634472,2
-0.19473107565684142,1,32,2,-1.04441285467738,3,0.5342166273691771,1.0,-0.8930224999873323,2
-0.9448658513802776,1,16,1,1.311032333424246,0,0.12488017764437878,1.0,2.2160578657775614,0
-0.7810950768261119,0,29,1,1.6475245031530499,2,0.7882875271983623,1.0,-0.8418303290895303,0
0.05645974081404202,1,22,0,1.9840166728818536,2,1.5363851766954075,1.0,0.5046837649800819,0
-0.3997539344815778,0,2,2,1.8718526163055855,2,0.02607482771080676,1.0,0.6206412664888313,1
1.9132160538324297,1,13,1,0.6380479939666386,2,-0.03038537225123439,1.0,-0.5369892575850476,1
-0.12687139703175257,1,28,0,1.0867042202717103,2,-0.9619786716249134,1.0,0.6448504347908827,0
-0.2661315581818208,0,33,2,1.479278418288648,2,1.367004576809284,1.0,0.11626530544684642,2
-0.9839865779635354,1,34,1,-0.7640027132367103,1,0.12488017764437878,1.0,0.4310100116282829,2
-0.6031267099354913,1,8,2,-0.9322487981011122,3,-1.1172442215205265,1.0,-0.7974642913431972,1
0.3336737471122773,1,25,2,0.6380479939666386,2,-1.4560054212927735,1.0,0.06306739972397718,0
1.3977368841347566,1,19,2,0.3576378525259688,2,0.4212962274450948,1.0,-0.46589795161615927,0
0.24680373298583372,1,35,0,1.36711436171238,2,-0.7220228217862384,1.0,0.47154831115883894,2
-0.9872179912313968,1,17,0,1.2549503051361122,2,2.086872126325309,1.0,0.6312236867427162,0
-0.34017904944749533,1,39,1,-0.7640027132367103,1,-1.187819471473078,1.0,0.48680312386144897,2
1.1084566431873792,0,29,1,-0.9322487981011122,3,-0.3126863720614401,1.0,-1.2453479399712677,0
1.5802773570320316,1,5,2,-1.268740967829916,3,-0.04450042224174468,1.0,-0.9315601683437754,1
-0.6025766821452171,1,38,1,0.41371988081410277,0,-1.526580671245325,1.0,0.856713193208664,2
-0.6938812953307469,1,15,2,0.9184581354073084,2,0.7177122772458109,1.0,0.7408245909877986,1
3.895688093665381,1,5,0,-0.8200847415248442,0,-1.0043238215964443,1.0,0.1210576336929992,1
-0.5347170035201283,1,18,2,1.2549503051361122,0,-0.32680142205195045,1.0,-0.977579788999324,0
-0.9012073955272569,0,14,1,-1.212658939541782,3,0.2942607775305022,1.0,-0.8666774537608776,1
-0.9392968200037505,1,17,1,0.7502120505429065,1,2.4256333260975556,1.0,-0.6384498385579106,0
-0.6704019840334138,1,37,2,0.8623761071191745,0,-0.15742082216582698,1.0,1.7629480785722162,2
-0.6250590680726782,1,32,2,0.6941300222547726,1,-0.3691465720234813,1.0,0.9271639909827789,2
0.2260058071660876,1,8,2,1.5914424748649159,2,-0.03038537225123439,3.0,0.08218312437356787,1
-0.849779797136612,0,17,2,-0.9322487981011122,3,0.4212962274450948,1.0,-0.9737469471325927,0
-0.3137089620405457,1,30,1,-1.3809050244061838,3,0.477756427407136,1.0,-1.1837723912068012,2
-0.33938838449897596,1,6,2,-1.156576911253648,3,-0.5808723218811356,1.0,-0.9600691625748826,1
3.650513206150623,0,31,1,1.2549503051361122,2,1.3811196267997943,1.0,0.3847939004109911,2
-0.9620885965632407,1,26,0,0.6380479939666386,1,-1.3007398713971603,1.0,0.8494047650420072,0
0.34584311197209555,1,0,0,0.13330973937343302,0,2.199792526249391,1.0,0.7385381553602411,1
0.2753708013432039,1,23,1,-0.25926445864350467,1,0.6612520772837697,1.0,0.5816187512917232,0
-0.5959419719250336,1,20,0,0.24547379594970092,1,-1.230164621444609,1.0,-0.5373158912461272,0
-0.9659731678320528,1,0,0,0.46980190910223674,2,-0.2703412220899093,1.0,-0.8865153450205113,1
-0.037973155428672654,1,25,0,-1.268740967829916,3,1.2964293268567326,1.0,-0.9923880322434268,0
1.9822445415118513,1,37,2,-0.9322487981011122,1,0.7459423772268314,1.0,-0.11815048653829328,2
5.0333862011108295,1,22,0,-1.156576911253648,3,0.4212962274450948,1.0,-0.947555010434769,0
-0.8868379195063414,0,9,0,-0.4835925717960405,0,2.100987176315819,1.0,2.350434443580629,1
-0.595048176765838,0,16,2,0.24547379594970092,1,0.8024025771888725,1.0,-0.4791878587013371,0
0.1730656323521886,1,3,2,-1.156576911253648,3,0.37895107747356394,1.0,-1.0387572529893496,1
-0.5833600862225096,1,40,0,1.36711436171238,2,-1.2583947214256295,1.0,-0.633603921976737,2
0.0784952291619053,1,1,2,0.5819659656785047,1,0.8165176271793829,1.0,1.112104990616262,1
-1.019910268015824,1,34,0,0.46980190910223674,2,2.2280226262304117,1.0,-0.9823032179575929,2
-0.8510861131385135,1,20,1,0.5258839373903706,0,2.439748376088066,1.0,1.970431904471149,0
0.29513742505618573,0,36,2,-0.7640027132367103,1,0.3224908775115228,1.0,1.2350774603617918,2
-0.9802738903791841,1,14,1,-1.212658939541782,3,0.5342166273691771,1.0,-1.0647118699177953,1
0.10881551110077474,1,34,2,0.6380479939666386,2,1.2823142768662223,1.0,0.2337079693833174,2
2.350213133205342,1,25,2,0.021145682797165097,0,1.606960426647959,1.0,-1.1460819289087834,0
-0.6835682742631043,0,31,2,1.0306221919835763,2,-0.3832616220139916,1.0,-0.6438877786497912,2
-0.5070437303219538,1,24,0,1.36711436171238,2,-0.8631733216913414,1.0,-0.47296650818796093,0
-0.9233460140857965,1,35,2,1.5914424748649159,2,0.12488017764437878,1.0,-0.9860926787912122,2
-0.8379541996457152,1,0,0,1.1427862485598441,0,-1.0466689715679751,1.0,0.74674227426939,1
-0.9620198430894565,1,18,0,0.46980190910223674,0,-1.4418903713022633,1.0,2.3565358582965783,0
1.154280833464605,1,18,2,-0.9883308263892461,3,0.774172477207852,1.0,-1.2155426183977505,0
-0.7457901680378817,1,24,0,-1.4369870526943178,3,-0.08684557221327555,1.0,-0.8927111772791156,0
-0.7361646817080819,1,27,2,1.7036065314411837,2,0.7035972272553006,1.0,0.5919204707431178,0
0.386063894135902,0,41,0,0.9184581354073084,2,-0.5949873718716459,1.0,-0.645528602431621,2
-0.4311398952641036,1,3,0,-0.6518386566604424,0,-1.4560054212927735,1.0,1.437026376800711,1
-0.5438955922703302,1,7,0,-0.5957566283723084,1,0.5906768273312183,1.0,-0.5419755245674663,1
-0.45565050866820106,1,9,1,-0.9322487981011122,3,-0.07273052222276526,1.0,-1.1054007271515052,1
-0.839844920174783,0,30,0,0.5258839373903706,1,0.23780057756846107,3.0,0.28983026710304005,2
-0.04264839164600405,1,24,0,1.0306221919835763,2,-1.2019345214635884,1.0,-0.64843002799918,0
0.8054600842200375,1,17,0,-1.268740967829916,3,0.40718117745458454,1.0,-1.0360038332994674,0
-0.014596974342015881,1,5,2,-1.100494882965514,3,0.3366059275020331,1.0,-0.8098508522094516,1
-0.9287087850409707,1,1,1,1.9279346445937195,2,-0.002155272270213815,1.0,-0.8166208452004227,1
-0.09534792930165807,1,28,0,-1.100494882965514,3,-1.1737044214825676,1.0,-0.8447929984685417,0
-0.6374690700907415,1,30,2,-0.8761667698129781,1,0.7882875271983623,3.0,-1.0821280787995808,2
0.7148086290354584,1,11,1,-1.3248229961180498,3,-1.3995452213307322,1.0,-1.0129965747971703,1
-0.3133308179347322,1,39,1,-1.268740967829916,3,-1.2583947214256295,1.0,-0.8359611304920055,2
0.1817285700490084,1,40,0,1.0306221919835763,2,0.6612520772837697,1.0,0.09450844142836973,2
-0.12535882060849832,1,6,1,-1.3809050244061838,3,0.4212962274450948,1.0,-1.178063957614339,1
-0.8662118773710561,1,14,1,0.8062940788310404,0,-1.2725097714161397,1.0,0.9646987919266885,1
-0.9310807798865285,0,18,1,1.0306221919835763,2,-0.3973766720045019,1.0,0.06931171666664818,0
3.6296121501202006,1,12,1,-1.04441285467738,1,0.7177122772458109,1.0,0.7055353964638116,1
0.115381467847174,1,19,0,1.7596885597293177,2,0.3507209774925434,1.0,0.5416801307483057,0
1.271436752793026,0,28,0,0.9745401636954424,0,1.8751463764676544,1.0,2.160114195841241,0
0.8867266902330617,1,10,0,1.5353604465767818,2,-1.3148549213876706,1.0,0.027165767085465923,1
-0.7220358428454114,0,33,2,-1.4930690809824516,3,2.3691731261355145,1.0,-0.8456070307957636,2
-0.7935738323179595,1,24,2,-1.4369870526943178,3,0.5201015773786668,1.0,-1.180521365548868,0
-0.7028880003964882,1,27,0,-0.8761667698129781,1,0.2942607775305022,1.0,1.2197818184515472,0
-0.8833658690802351,0,30,1,1.8157705880174517,2,-0.8772883716818517,1.0,0.24853662723123754,2
-0.3646552861147005,0,16,2,1.9279346445937195,2,0.477756427407136,1.0,0.01926276358262488,0
-0.023466172460188724,1,11,1,1.8157705880174517,2,0.011959777720296473,1.0,0.4555713318461855,1
0.15037698600337465,0,12,1,-0.9883308263892461,3,-0.4397218219760327,1.0,-0.9425279142447152,1
-0.6864559201620443,1,34,2,-0.9883308263892461,3,-1.0184388715869546,1.0,-1.0668860252243566,2
-0.6490884071602856,1,36,2,-0.4835925717960405,1,-0.11507567219429611,4.0,0.31764261297887614,2
-0.9301869847273329,0,8,2,-0.25926445864350467,0,-0.24211112210888872,1.0,2.182332940271088,1
-0.9361685369465657,0,36,2,0.021145682797165097,0,2.2139075762399014,1.0,1.698542555353552,2
-0.5862133553845574,1,26,0,0.41371988081410277,2,-0.6373325218431768,1.0,0.2614641750986551,0
0.322982581938821,1,10,0,0.8623761071191745,1,0.7318273272363212,1.0,-0.18115250574450611,1
0.7663049808998875,0,39,1,-0.20318243035537073,1,-0.6655626218241973,1.0,-0.2779024168864862,2
1.8964402062290642,1,39,0,-1.100494882965514,3,2.100987176315819,1.0,-1.204386037411499,2
-0.43175867652816224,1,8,2,1.311032333424246,0,-1.2583947214256295,1.0,0.448502775274384,1
-0.501062178102721,1,29,1,0.5819659656785047,0,-0.07273052222276526,1.0,0.44910245426152245,0
-0.9521193428645196,1,9,1,-0.9322487981011122,3,0.4636413774166257,1.0,-1.0577020053319688,1
-0.6412848878857692,1,10,0,0.07722771108529905,0,-0.2703412220899093,1.0,1.8188356083480381,1
0.0815547587453059,0,33,1,-0.7079206849485763,1,-1.089014121539506,1.0,0.35902046309142577,2
3.426376881613855,0,42,1,0.021145682797165097,1,2.242137676220922,1.0,1.2335948497595477,2
-0.5133346731732158,1,38,1,1.2549503051361122,2,0.774172477207852,1.0,-0.7541062246603523,2
0.9221003524950764,0,5,0,-1.156576911253648,3,-0.7643679717577694,1.0,-1.2028702530780515,1
-0.40274471059119415,1,33,1,1.7036065314411837,2,-0.891403421672362,1.0,0.654902075345513,2
-0.756962607527828,1,42,1,-1.3248229961180498,3,0.11076512765386849,1.0,-1.1301687452330595,2
0.07158550504658473,0,42,1,-1.3248229961180498,3,-0.849058271700831,1.0,-1.0019318595280975,2
-0.6786524008875279,1,22,2,1.0306221919835763,2,0.2660306775494817,1.0,-1.0130323003538508,0
1.0022325261906597,1,5,2,0.9745401636954424,2,1.268199226875712,1.0,-0.7793744005354349,1
-0.24808377131344614,0,29,1,-1.100494882965514,3,1.1129336769800988,1.0,-0.8240645201173704,0
1.2150589042899125,1,31,2,1.5353604465767818,2,-0.5385271719096048,1.0,-0.7062952225198199,2
-0.7464089493019403,1,39,2,-0.3714285152197726,0,0.5201015773786668,1.0,0.2124971960169583,2
-0.3651021836942984,1,35,1,-1.100494882965514,3,-1.4983505712643044,1.0,-1.1978303977606117,2
0.0228736688704191,0,2,1,1.8718526163055855,2,0.06841997768233762,1.0,-0.8107771648576697,1
-0.3319630093302733,1,40,2,1.311032333424246,2,2.355058076145004,1.0,-0.6024155109945857,2
-0.995709045243756,1,30,0,-1.268740967829916,3,0.2942607775305022,1.0,-1.0151885928820719,2
1.530259204853965,0,16,2,-1.4369870526943178,3,-0.15742082216582698,1.0,-1.0384382748047016,0
-0.9688264369941008,1,1,0,0.6941300222547726,0,-1.0748990715489957,1.0,1.49989570108211,1
-0.024875618672766445,1,21,2,0.021145682797165097,0,-1.187819471473078,1.0,2.434006727958428,0
0.8855922579156212,0,4,1,-1.268740967829916,3,-0.6655626218241973,1.0,-1.0878977562034953,1
-0.7737728318680855,0,25,2,-1.100494882965514,3,-0.8208281717198105,1.0,-0.7901099303179511,0
0.16509022939321163,1,37,1,-0.034936345490968856,0,-1.526580671245325,1.0,2.0390836652838487,2
-1.0181226776974326,1,6,1,0.13330973937343302,0,0.774172477207852,5.0,0.15068687930859076,1
-0.2047347060924548,1,16,0,-1.4369870526943178,3,-1.526580671245325,4.0,-1.0780630208144255,0
-0.9987685748271566,1,25,0,-0.25926445864350467,0,0.3507209774925434,1.0,0.8765868100249782,0
0.8329614737337513,1,15,1,0.021145682797165097,0,2.14333232628735,1.0,-1.1911446150103875,1
-0.11673025964857064,1,3,0,1.0867042202717103,0,0.06841997768233762,1.0,0.8588618302604536,1
-0.17169866193910605,1,25,0,1.7036065314411837,2,1.1552788269516299,1.0,-0.6237564274602813,0
-0.941084410322142,1,33,1,0.5258839373903706,1,-0.1433057721753167,1.0,0.39949751881052925,2
0.4486639320164931,1,13,0,1.1988682768479781,0,-0.8208281717198105,1.0,1.74633059106479,1
-0.6202807016446704,0,22,1,-0.31534648693163864,0,0.08253502767284791,1.0,0.4339599218799085,0
-0.45479109024589753,1,26,2,0.8623761071191745,1,2.355058076145004,1.0,-0.7729029711252946,0
-0.03065091047064637,1,3,0,1.1427862485598441,2,-0.7925980717387899,1.0,-0.498584284153418,1
-0.5937074840270444,1,20,0,-1.3248229961180498,3,0.28014572753999195,1.0,-1.2480707377554239,0
0.7177994051450747,0,15,1,1.0867042202717103,0,-0.9055184716628722,1.0,1.6276273253425897,1
0.7082426722890592,0,3,1,-1.100494882965514,3,-0.2703412220899093,1.0,-1.0172351569147742,1
-0.8800657023385893,1,10,1,-0.8761667698129781,1,-0.03038537225123439,1.0,0.1104165214531391,1
1.0628730900683987,1,3,0,-0.7079206849485763,0,-0.5102970719285842,1.0,1.1702917151470271,1
-0.7088351758788288,1,6,2,1.8157705880174517,2,0.06841997768233762,1.0,-1.0359502449644467,1
0.018335939600656347,1,41,1,-1.268740967829916,3,-1.2725097714161397,1.0,-0.8319828345730745,2
1.2742900219550735,1,23,0,-1.3809050244061838,3,0.2942607775305022,1.0,-1.0487757198127767,0
-0.09472914803759949,0,34,0,-1.3809050244061838,3,0.2660306775494817,1.0,-1.2309505406289918,2
-0.17245495015073317,1,16,1,-0.4275105435079065,1,-0.5808723218811356,1.0,1.2013729494591365,0
-0.9055732411125589,1,6,2,-1.4369870526943178,3,-0.6937927218052179,1.0,-1.0730384764498486,1
0.09602736497689773,0,27,2,-1.4930690809824516,3,0.23780057756846107,1.0,-1.2257295057026718,0
2.7106188427825613,1,36,2,-1.4369870526943178,3,-1.1595893714920573,1.0,-0.8900547269573664,2
0.2608981951116121,1,34,0,0.8623761071191745,0,0.28014572753999195,1.0,0.8923519878230254,2
1.7923474469196574,1,41,0,-1.100494882965514,3,-1.3289699713781808,1.0,-0.8393167809945034,2
-0.976629956268617,1,35,0,0.24547379594970092,1,0.7459423772268314,1.0,0.7353330625608973,2
-0.8282599598421311,1,8,0,-0.25926445864350467,1,-0.6514475718336871,1.0,-1.243087022598482,1
-0.054439612400008865,1,22,2,-0.4275105435079065,1,2.2280226262304117,1.0,0.4500440778626035,0
0.6019498018185554,1,15,2,-0.5957566283723084,0,0.7459423772268314,1.0,-1.236375721593486,1
-0.36138949610994703,1,34,0,0.8062940788310404,2,0.28014572753999195,1.0,-0.5293873694885144,2
-0.44382491117730416,1,3,0,-1.4930690809824516,3,1.1693938769421401,1.0,-0.9110052141250529,1
-1.0185008218032463,1,37,2,1.9840166728818536,2,-0.849058271700831,1.0,0.12192780618071937,2
-0.8841565340287544,1,5,0,0.5819659656785047,0,-1.1737044214825676,1.0,-0.9133605490404941,1
-0.7534905571017216,1,34,2,0.9184581354073084,0,0.5201015773786668,1.0,-0.8360172706525034,2
-0.4404559909618742,0,36,0,-1.268740967829916,3,-1.526580671245325,1.0,0.2999763252003264,2
-0.9636011729864951,1,17,1,0.9184581354073084,2,0.5906768273312183,5.0,-0.7174926327137063,0
0.6480490059909182,0,34,0,0.18939176766156696,1,0.13899522763488906,1.0,-0.7877214216713061,2
-0.5155347843343129,1,31,1,0.7502120505429065,2,-0.9055184716628722,1.0,-0.741102122028619,2
-0.4591913125680917,1,9,0,0.9184581354073084,0,0.5906768273312183,1.0,1.5165897433538522,1
-0.10105446762575378,1,25,0,0.46980190910223674,2,-0.8067131217293002,1.0,-0.7627007728675104,0
1.1662095611661785,1,16,0,0.3576378525259688,2,2.2280226262304117,1.0,0.02294504774620246,0
-0.2796072390435406,0,29,2,0.13330973937343302,1,0.25191562755897134,1.0,-1.1355479933389647,0
0.41225896764771436,1,20,0,0.07722771108529905,0,-0.1433057721753167,1.0,1.5102408015666169,0
-0.020853540456385943,0,22,0,0.07722771108529905,1,0.477756427407136,1.0,-1.0570308752314692,0
-0.16052622244915982,1,40,0,0.6941300222547726,2,0.8165176271793829,1.0,-0.6461002113385104,2
-0.3903003318362387,1,41,2,-1.3248229961180498,3,-0.3832616220139916,1.0,-0.9044470226486881,2
-0.9087015241697439,1,39,2,-1.04441285467738,1,1.508155076714387,1.0,-0.4695547175249649,2
4.518044538360725,1,20,0,1.1427862485598441,2,0.7459423772268314,1.0,-0.30187936907011353,0
-0.5480208006973873,0,7,1,-1.268740967829916,3,-1.0748990715489957,1.0,-1.247175047012932,1
-0.8784499957046586,1,14,2,-1.4930690809824516,3,0.36483602748305366,1.0,-0.18683031743124204,1
-0.8397074132272144,1,3,1,1.423196390000514,2,0.15311027762539936,1.0,-0.13090706209873948,1
-0.9866335867042305,1,5,1,0.3576378525259688,1,-0.355031522032971,1.0,-0.5367851115468727,1
0.5193768798036297,1,10,2,1.2549503051361122,2,-0.990208771605934,1.0,-1.0379789462188085,1
2.879752388291901,1,36,0,-0.8200847415248442,0,1.8328012264961235,1.0,2.1539234672335907,2
-0.0017056980074625346,1,25,2,-0.31534648693163864,0,0.5906768273312183,1.0,-0.9269286051026852,0
1.3257519970826106,1,19,1,-0.7079206849485763,0,-0.19976597213735783,1.0,0.3164611177829396,0
0.06134123745272628,1,29,0,1.8718526163055855,2,-0.3832616220139916,1.0,-0.20914603122922207,0
0.11421265879284105,1,34,1,0.9184581354073084,0,0.23780057756846107,5.0,2.0314970881401786,2
-0.25554352321904106,0,4,1,1.6475245031530499,2,-0.1433057721753167,1.0,-0.2529761856253463,1
-0.282116740836667,1,4,0,-0.14710040206723676,0,2.5385537260216378,1.0,1.370122616439883,1
-0.9648731122515043,1,9,0,1.6475245031530499,2,0.4212962274450948,1.0,0.44854105265654187,1
0.6662686765437537,1,25,2,1.8718526163055855,2,0.49187147739764625,1.0,-0.681756868731212,0
-0.27510388651066997,1,2,1,-1.212658939541782,3,1.7339958765625516,1.0,-1.186589606533613,1
0.426422183247277,0,0,1,-1.04441285467738,3,-0.15742082216582698,1.0,-0.9332698914134891,1
1.0832584950454394,1,40,0,0.9184581354073084,2,0.5201015773786668,1.0,-0.46301949247789503,2
-0.7709539394429299,1,19,2,1.36711436171238,0,-0.7220228217862384,1.0,0.2364792518515399,0
-0.7932988184228223,1,11,2,0.8062940788310404,1,-1.187819471473078,1.0,0.212412985776211,1
-0.9322152122039692,1,16,0,0.9745401636954424,2,-1.089014121539506,1.0,-0.8723782318769081,0
-0.9618479594049958,1,23,2,0.18939176766156696,1,0.49187147739764625,1.0,-0.3470645427946228,0
0.06821658483115473,1,20,0,0.5258839373903706,1,0.054304927691827334,1.0,-0.5351366322886114,0
-0.4081074815463684,1,23,2,-0.25926445864350467,0,0.7459423772268314,1.0,1.6772118461897654,0
-0.9769049701637541,1,20,0,-0.4275105435079065,1,1.2540841768852018,1.0,-0.6016550670023846,0
0.23147170833193834,1,32,0,-1.100494882965514,3,0.7882875271983623,1.0,-1.0258526715512266,2
-0.11862098017763852,1,9,1,1.479278418288648,2,-1.4701204712832838,1.0,0.48555272937762856,1
-0.8363728697486765,1,0,1,-0.5957566283723084,1,0.28014572753999195,1.0,-0.03830131553170727,1
-0.9168488108131817,1,40,0,-1.3809050244061838,3,-1.484235521273794,1.0,-1.0449964662810662,2
-1.005128271152203,1,40,1,-1.3248229961180498,3,-0.19976597213735783,1.0,-0.971776937864206,2
-0.4115107784986905,1,40,2,-0.5957566283723084,1,-0.3126863720614401,1.0,0.8614570367707505,2
-0.9006917444738747,1,8,1,0.46980190910223674,0,0.6612520772837697,1.0,1.8438664644537428,1
-0.7092820734584268,1,29,1,0.3576378525259688,0,0.7600574272173417,1.0,1.0582793358260052,0
-0.5510115768070037,1,11,1,0.7502120505429065,1,-1.0748990715489957,1.0,-0.6282884695077613,1
-0.14354411442444165,1,18,1,1.36711436171238,2,-0.29857132207092985,1.0,0.6068358906572623,0
-0.8318695172158059,1,4,1,-0.4835925717960405,0,-0.15742082216582698,1.0,1.5387676585760643,1
-0.6187681252214161,1,13,0,0.3015558242378349,1,-0.990208771605934,1.0,0.7356954217786575,1
-0.550839693122543,0,34,2,1.1988682768479781,0,-0.002155272270213815,1.0,0.7536449621851744,2
1.7727527068911362,0,1,0,0.5258839373903706,0,-0.9196335216533825,1.0,2.5114852530967093,1
-0.20669418009530688,1,8,0,1.36711436171238,0,-0.7220228217862384,1.0,2.1416364275609467,1
1.32991158224656,1,23,0,-1.3248229961180498,3,-1.2583947214256295,1.0,-1.1653966959455941,0
1.9956858456366788,1,8,0,0.8623761071191745,1,0.2660306775494817,1.0,-0.035524929412530305,1
-0.07403435242852992,1,2,1,1.311032333424246,0,-1.484235521273794,1.0,0.9821966592237438,1
-0.9946777431369916,1,21,0,1.9279346445937195,2,1.1129336769800988,1.0,-0.2676772521994072,0
1.1666908354826684,1,7,2,1.1427862485598441,2,1.2258540769041812,1.0,-0.2410795752507111,1
-0.6701613468751687,1,36,1,0.3576378525259688,0,0.8306326771698932,1.0,1.6062634424475992,2
0.7133304293490964,1,10,1,0.41371988081410277,2,0.8870928771319343,1.0,0.06481284835037154,1
0.2535759501535858,1,24,0,0.07722771108529905,0,-0.41149172199501216,1.0,-0.960541250288162,0
-0.9757361611094213,1,41,1,0.3015558242378349,1,-1.1737044214825676,1.0,-0.6680510140932531,2
-0.9795176021675569,1,23,1,-0.09101837377910281,1,-0.3126863720614401,1.0,-1.03964528825541,0
-0.44750322202476345,1,22,0,-0.25926445864350467,0,0.2236855275779508,2.0,2.3548618607835445,0
-0.7737728318680855,1,15,0,0.6380479939666386,2,-0.2703412220899093,1.0,-0.576830908760332,1
-0.3320661395409497,0,9,2,0.9184581354073084,0,1.070588527008568,1.0,1.8002455597467477,1
-0.508075032428718,1,19,2,-0.20318243035537073,0,1.1835089269326504,1.0,2.3674551195134512,0
-0.943284521483239,1,37,0,0.07722771108529905,0,-1.2442796714351192,1.0,0.7282542986871867,2
-0.8542831496694827,1,4,1,0.18939176766156696,1,0.37895107747356394,1.0,0.240751007700347,1
1.4508145658962242,0,29,0,-1.268740967829916,3,-0.3409164720424607,1.0,-1.2010329387344783,0
-0.5609464537688329,1,20,2,-1.4369870526943178,3,-0.2703412220899093,1.0,-1.0236938271975284,0
-0.6226526964902281,1,28,0,-1.4930690809824516,3,2.5244386760311275,1.0,-1.1135869832823135,0
-0.9867367169149068,1,7,0,-0.5957566283723084,1,-1.5124656212548147,3.0,-0.5898222522646792,1
-0.7212451778968921,0,15,2,0.3015558242378349,1,2.355058076145004,1.0,0.03887609420026653,1
-1.0047845037832814,1,15,0,-1.100494882965514,3,1.4375798267618356,1.0,-0.970365778375323,1
-0.669026914557728,1,3,0,-0.7079206849485763,1,-1.230164621444609,1.0,0.3574255721681853,1
-0.4859364138701784,1,28,0,1.423196390000514,2,0.2236855275779508,1.0,-0.27795345339602995,0
0.7117490994520577,1,32,0,1.311032333424246,2,0.8306326771698932,1.0,-0.655337819565919,2
-0.9179832431306223,1,18,0,0.07722771108529905,0,-0.8349432217103208,1.0,1.510850687855664,0
-0.9985966911426959,1,1,0,0.3015558242378349,0,0.6047918773217286,1.0,0.30147679858091103,1
-0.07540942190421553,0,32,0,0.46980190910223674,2,-0.6937927218052179,1.0,-0.8574755710901495,2
-0.5236476942408584,1,22,0,1.311032333424246,2,1.64930557661949,1.0,0.05139279816585724,0
0.24525677982568736,1,11,2,-0.5957566283723084,1,-1.4277753213117528,1.0,-0.01911669159423272,1
0.896420930036646,1,2,0,0.8623761071191745,0,-0.355031522032971,1.0,1.2123049698033956,1
0.4505202758086687,1,19,1,-1.04441285467738,3,1.3811196267997943,1.0,-1.118070540645727,0
-0.8984572565758855,1,40,1,-0.6518386566604424,0,0.18134037760641994,1.0,0.28682421669091657,2
-0.7526998921532024,0,32,2,0.6941300222547726,2,-1.385430171340222,1.0,-0.730848887261291,2
-0.5693343775705155,1,5,1,-0.4835925717960405,1,-0.2703412220899093,1.0,1.0767341376770048,1
-0.5555836828136587,1,5,2,0.41371988081410277,1,0.25191562755897134,4.0,-0.12122543623830087,1
-0.3242969970033256,1,7,1,0.5819659656785047,2,-1.1737044214825676,1.0,0.4219637903116632,1
1.5567636689978068,1,6,1,1.8718526163055855,2,-1.3148549213876706,1.0,0.010407929176794064,1
-1.0218697420186762,1,2,0,0.41371988081410277,1,-1.2583947214256295,1.0,-0.7364680069620517,1
-0.1406564685255016,1,20,2,1.2549503051361122,0,-1.3007398713971603,1.0,2.1033590454031765,0
1.614207196344576,1,38,0,1.0306221919835763,0,0.49187147739764625,1.0,-0.8400338439535922,2
-0.39810385111075497,1,36,2,0.5258839373903706,0,0.040189877701317045,1.0,-1.1664888772498292,2
-0.39047221552069944,0,32,2,0.5258839373903706,0,-0.03038537225123439,1.0,1.0942371086250144,2
0.526699124761656,1,13,0,0.9745401636954424,2,0.6471370272932594,5.0,-0.5436137965238189,1
-0.5293886093018463,1,6,1,0.6941300222547726,0,-1.2725097714161397,1.0,1.6408381258379745,1
-0.7755260454495848,1,13,0,-0.25926445864350467,0,-1.2725097714161397,1.0,1.947052079449183,1
-0.7699913908099498,0,41,2,1.36711436171238,2,-0.6937927218052179,4.0,-0.2994500312158337,2
-0.9486129157015212,1,10,1,-0.034936345490968856,0,-0.6655626218241973,1.0,0.6017832762124365,1
1.6494777283959141,1,2,1,0.9745401636954424,0,-0.32680142205195045,1.0,0.5021982869653041,1
1.6912454637198673,1,24,2,-0.9322487981011122,3,1.0847035769990783,1.0,-1.0482423882880452,0
1.6133477779222727,1,13,0,0.6380479939666386,0,-1.3148549213876706,1.0,1.9663745019624252,1
-1.009012842421015,0,1,2,-1.3248229961180498,3,0.2095704775874405,1.0,-1.0927793983413496,1
-0.8540081357743455,1,1,2,-1.3248229961180498,3,0.36483602748305366,1.0,-1.084690111578674,1
-0.757203244686073,0,18,1,0.24547379594970092,1,0.36483602748305366,1.0,-0.6691023661898531,0
1.3914803180203865,1,42,0,-1.4369870526943178,3,0.9012079271224446,1.0,-0.9840052855508751,2
1.9593152580047921,0,36,2,0.24547379594970092,1,-0.016270322260724102,1.0,-0.296663437794748,2
-0.84300757996886,1,16,1,-1.156576911253648,3,-0.7079077717957282,1.0,-1.0545734672969405,0
-0.4094137975482698,1,15,0,1.8718526163055855,2,0.011959777720296473,1.0,0.5658152961115185,1
2.991339276243795,0,30,2,1.5914424748649159,2,-1.1737044214825676,1.0,-0.9461770246770893,2
0.2956874528464601,1,13,0,0.7502120505429065,2,-1.526580671245325,1.0,0.7167914986436734,1
-0.24230847951556622,1,15,2,1.479278418288648,2,-0.8349432217103208,1.0,-0.17564311453926432,1
-0.8843971711869993,1,16,0,0.18939176766156696,1,-1.3572000713592014,1.0,-0.2933230982451133,0
0.6399017193474805,1,33,1,1.2549503051361122,0,-0.6091024218621562,1.0,0.7524609151637609,2
0.011598099169796533,1,7,1,-1.3248229961180498,3,2.4115182761070453,1.0,-1.1567051783703033,1
-0.34035093313195597,1,11,2,1.423196390000514,0,-0.4397218219760327,1.0,-0.8765683293104454,1
0.7488759752955716,1,37,0,-0.8761667698129781,1,-1.1737044214825676,1.0,-0.9451180171040575,2
-0.8806157301288636,1,14,0,0.18939176766156696,1,0.2236855275779508,1.0,-0.003144815932533726,1
-0.6969752016510398,1,6,2,-1.3248229961180498,3,0.15311027762539936,1.0,-0.8813198283489633,1
-0.7045724605042032,1,22,2,1.2549503051361122,2,0.4354112774356051,1.0,0.09702964499982822,0
3.883243714910426,1,27,1,1.0867042202717103,0,0.5483316773596874,1.0,-0.8585167158848408,0
-0.7520467341522517,0,19,2,0.3576378525259688,0,-0.15742082216582698,1.0,2.476423171040192,0
-0.22133867001135946,1,17,2,-1.4369870526943178,3,2.496208576050107,1.0,-0.9854138932142811,0
-0.9734672964745399,1,19,1,-1.04441285467738,1,-0.002155272270213815,1.0,0.3872844820767234,0
-0.19225595060060718,1,17,0,0.8623761071191745,0,0.37895107747356394,1.0,-1.0742837672827148,0
-0.6019922776180506,1,17,2,1.9279346445937195,2,1.5222701267048973,1.0,-0.009593278913379542,0
-0.5800942962177561,1,19,0,0.41371988081410277,1,0.13899522763488906,1.0,0.529069009240059,0
-0.5492239864886123,1,9,2,-1.3248229961180498,3,-0.7220228217862384,1.0,-1.2404484350550729,1
-0.8896224351946049,1,32,2,-1.100494882965514,3,0.8165176271793829,1.0,-0.9842910900043197,2
-0.7090070595632896,1,39,2,-1.3248229961180498,3,0.39306612746407427,1.0,-1.0951143186529735,2
-0.07011540442282574,1,26,1,0.7502120505429065,1,-0.18565092214684756,1.0,-0.9366178864395555,0
-0.632759457136518,1,32,0,0.3576378525259688,0,0.7318273272363212,1.0,2.1167331627291013,2
0.015585800649284927,0,38,1,-0.9883308263892461,1,-1.5548107712263455,1.0,-0.5849559210796881,2
-0.9175363455510245,1,5,0,0.41371988081410277,1,-0.6514475718336871,1.0,0.11543851399223864,1
-0.636609651668438,0,40,2,-0.9883308263892461,1,0.2095704775874405,1.0,-0.08398154339879041,2
1.5268902846385348,1,36,2,-0.9883308263892461,1,-1.187819471473078,1.0,0.7080310817804981,2
-0.141962784527403,1,5,0,-1.04441285467738,3,-0.5667572718906253,1.0,-1.0118508051579143,1
0.2770208847140268,1,13,0,0.8623761071191745,0,1.6775356766005105,1.0,0.6464938103981895,1
0.9413513251546757,1,42,2,0.41371988081410277,2,-0.016270322260724102,1.0,-0.2724210957614935,2
-0.9343121931543898,0,2,2,1.8157705880174517,2,0.6047918773217286,1.0,0.5109204264463215,1
0.8096196693839868,1,23,2,0.18939176766156696,1,-0.07273052222276526,1.0,-0.36660897412438037,0
0.44869830875338523,1,33,1,0.5819659656785047,2,-0.6796776718147076,1.0,-0.4134834563147859,2
0.2169991021003465,1,33,0,1.0867042202717103,2,0.6612520772837697,1.0,0.5022365643474619,2
1.8535724153245627,1,31,1,-1.100494882965514,3,1.3528895268187737,1.0,0.23453476083792518,2
-0.5597432679776079,1,1,0,0.18939176766156696,0,0.15311027762539936,1.0,1.1016042287776469,1
-0.388443988044063,1,0,1,0.46980190910223674,2,-1.3713151213497117,1.0,0.26080835595101876,1
0.1954792648058653,1,13,2,1.36711436171238,0,-0.3409164720424607,1.0,0.41323144352873714,1
-0.2539621933220025,1,14,1,0.46980190910223674,0,-1.1737044214825676,1.0,0.8439617212991724,1
1.5091518884021897,1,42,0,0.8623761071191745,2,-0.3973766720045019,1.0,-0.114677452063845,2
-0.2573998670112167,1,13,0,-0.9883308263892461,3,-0.3409164720424607,1.0,-0.8572510104481572,1
0.8909206521339031,1,38,0,1.36711436171238,0,-0.9478636216344031,1.0,0.03662793595486672,2
4.119961925149717,1,22,2,-0.6518386566604424,1,-0.355031522032971,1.0,-1.052506488660421,0
-0.9304276218855778,1,4,0,0.9745401636954424,2,0.6189069273122388,1.0,0.21866495819531348,1
0.04123084637082298,1,11,1,-0.4835925717960405,0,0.6471370272932594,1.0,1.2424624432927645,1
-0.7484371767785767,1,18,2,0.41371988081410277,0,-0.05861547223225497,1.0,1.1660046483453566,0
-0.9350341046291247,0,11,1,1.1988682768479781,0,-0.07273052222276526,1.0,0.03812840933545135,1
1.8805581537848943,0,28,1,1.5914424748649159,2,0.8870928771319343,1.0,-0.8653071234796293,0
-0.8194251384608505,1,14,0,-0.9883308263892461,3,-0.9055184716628722,1.0,-1.095410330408327,1
1.5836462772474618,1,35,0,0.8623761071191745,1,-0.08684557221327555,1.0,0.5455512499971948,2
0.011735606117364978,1,5,0,-1.268740967829916,3,2.3127129261734733,1.0,-1.0312625415628582,1
-0.6189056321689846,0,19,1,-0.7079206849485763,0,-1.2583947214256295,1.0,2.160642423715018,0
0.6388016637669319,1,27,0,1.423196390000514,2,-0.07273052222276526,1.0,-0.4990308536119253,0
-0.7534218036279373,1,23,0,-0.3714285152197726,0,0.3507209774925434,1.0,1.230657698635308,0
-0.8988354006816991,1,24,0,1.7036065314411837,2,1.9880667763917368,1.0,0.7267972063397143,0
-0.7227577543201464,1,7,1,0.24547379594970092,1,-0.8067131217293002,1.0,-0.3420323429536147,1
2.419207244147872,1,30,2,-0.7640027132367103,0,-0.9196335216533825,1.0,1.1841098501059821,2
1.3999713720327458,1,42,2,0.8062940788310404,0,0.054304927691827334,1.0,-0.023059261956483015,2
-0.5209663087632713,1,41,2,0.5258839373903706,2,0.054304927691827334,5.0,-0.2567503355061023,2
-0.6229277103853653,1,8,2,1.479278418288648,2,1.4940400267238767,1.0,-0.054423748896559966,1
-0.6589545306483304,1,20,1,0.6941300222547726,2,-0.4679519219570533,1.0,-0.9654075814731531,0
2.71508781857854,1,4,0,1.8718526163055855,2,-0.24211112210888872,1.0,-0.6583898028366317,1
0.9842534927960693,1,19,0,-1.212658939541782,3,-1.1172442215205265,1.0,-0.1577956471518345,0
0.9862129667989216,0,6,1,0.5819659656785047,2,0.011959777720296473,1.0,0.36426446444704036,1
-0.7524592549949574,1,7,1,0.6380479939666386,2,0.28014572753999195,1.0,-0.8876636664852444,1
-0.42959294210395726,0,1,2,-1.3809050244061838,3,2.3691731261355145,1.0,-0.9194849301857374,1
3.1881117182144174,0,19,2,0.3015558242378349,0,-0.15742082216582698,1.0,0.8976266110843661,0
0.42872542461905055,1,20,1,-0.9322487981011122,3,1.0282433770370372,1.0,-0.8074751026901928,0
-0.5591932401873335,1,38,0,0.6941300222547726,2,-0.3973766720045019,1.0,0.05671335428578741,2
0.0372775216282267,1,20,2,-1.100494882965514,3,0.6612520772837697,1.0,-0.8068677682266229,0
-0.0074466130684503464,1,4,1,-0.4835925717960405,0,-0.04450042224174468,1.0,-1.0316912482430254,1
4.176408527126615,1,30,2,-1.4369870526943178,3,-0.990208771605934,1.0,1.2426895557602338,2
-0.7585439374248665,1,42,1,0.7502120505429065,2,2.086872126325309,1.0,-0.8020269552964034,2
-0.7067725716653003,0,39,2,-0.25926445864350467,1,-0.7079077717957282,1.0,0.3066952816817537,2
-0.6887591615338177,0,20,2,-0.20318243035537073,1,0.23780057756846107,1.0,-0.2500671045813556,0
-0.022056726247610806,1,8,0,-1.3248229961180498,3,-0.42560677198552244,1.0,-0.9295187079620276,1
-0.8289474945799739,1,0,0,-1.268740967829916,3,0.2095704775874405,1.0,-0.8920502544805249,1
0.47681847953115764,1,39,2,-0.9883308263892461,3,-0.3973766720045019,1.0,-0.9792001981773363,2
-0.13271544230341673,1,2,2,1.5353604465767818,2,2.4256333260975556,1.0,0.5682982223008191,1
1.4718875056111074,1,29,2,0.6941300222547726,2,0.37895107747356394,1.0,-0.7510542413896394,0
0.9301788856647295,1,15,0,1.5353604465767818,2,-0.2703412220899093,1.0,-0.5495467907582734,1
2.4104411762403752,1,4,2,-0.8761667698129781,1,-1.1313592715110368,1.0,-0.20954921965461723,1
-0.9760799284783427,0,28,1,1.6475245031530499,2,2.397403226116535,1.0,0.07813082551579856,0
2.903919234327077,0,29,1,0.9184581354073084,2,-1.0184388715869546,1.0,-0.6701588219374076,0
-0.8139248605581078,1,33,0,-0.9883308263892461,1,0.12488017764437878,1.0,0.6236192468207059,2
-0.929740087147735,1,27,2,0.5258839373903706,1,-1.3713151213497117,1.0,0.6136951975399347,0
-1.0115223442141412,1,38,0,-0.8761667698129781,0,-1.2442796714351192,1.0,1.3812587828223166,2
0.4576362603453423,0,2,1,1.5914424748649159,2,0.12488017764437878,1.0,0.36041886345292284,1
-0.41096075070841614,1,15,1,0.5819659656785047,1,-0.7502529217672591,1.0,0.6315299057999784,1
-0.16960168098868542,1,10,0,-1.4930690809824516,3,-0.9055184716628722,1.0,-1.1603466333262458,1
-0.7629441597470608,1,37,0,-1.212658939541782,3,-0.29857132207092985,1.0,-1.026174201561352,2
0.1689748006620237,1,16,0,1.36711436171238,0,1.8328012264961235,1.0,0.556289331605188,0
0.09585548129243718,1,42,0,-1.4369870526943178,3,2.2139075762399014,1.0,-1.1001516221449361,2
-0.166851542037314,1,27,1,1.7596885597293177,2,1.7763410265340824,1.0,-0.16552002287127265,0
-0.9648387355146122,1,0,0,0.6380479939666386,0,-1.230164621444609,1.0,1.4201664658729514,1
-0.34406362071630736,0,2,1,-1.04441285467738,3,-1.1313592715110368,1.0,-1.2357607316534847,1
0.9882755710124502,1,33,1,-1.212658939541782,3,-0.9196335216533825,1.0,-0.8585779596962934,2
0.46949623457313133,0,41,2,-0.9883308263892461,3,0.054304927691827334,1.0,-0.9685335676827043,2
0.7308625651640889,0,26,2,-0.9883308263892461,3,2.453863426078576,1.0,0.1875326873736603,0
0.11648152342772253,1,10,0,1.6475245031530499,2,-1.526580671245325,1.0,0.6398463050301233,1
-0.3388039799718096,1,32,2,0.6380479939666386,1,2.086872126325309,1.0,1.1509106006478094,2
-0.29263602232566255,1,1,2,0.8062940788310404,1,0.8165176271793829,1.0,-0.2330285658701936,1
-0.09466039456381527,1,30,2,-1.212658939541782,3,0.2660306775494817,1.0,-0.9761099375244656,2
0.028442700246946163,1,7,0,-1.04441285467738,1,-0.002155272270213815,1.0,1.152426384981257,1
1.185735547720915,0,11,0,-0.3714285152197726,0,-0.49618202193807387,1.0,1.7596893974378514,1
-0.6862152830037992,1,24,1,0.13330973937343302,1,-1.526580671245325,1.0,1.1343722197301755,0
2.0313688985307223,1,41,2,-0.4835925717960405,1,0.6894821772647903,1.0,-0.06805815242115783,2
0.8242297825631473,1,18,2,-0.9883308263892461,3,0.19545542759693021,1.0,-1.2250098909181055,0
-0.1956592475529292,1,23,0,-1.100494882965514,3,0.5906768273312183,1.0,-0.9309196601490021,0
-0.5760034645275912,1,1,0,1.0867042202717103,0,-0.3691465720234813,1.0,1.559429789464829,1
1.7263784888236364,0,36,1,-1.3809050244061838,3,-0.5102970719285842,1.0,-1.122850109764494,2
-0.9944714827156388,1,9,2,0.6941300222547726,0,0.6330219773027491,1.0,2.151205773100389,1
-0.9267149343012265,1,11,0,-1.3809050244061838,3,0.6047918773217286,1.0,-1.1307326986635173,1
0.4579456509773715,0,1,2,-1.212658939541782,3,-0.29857132207092985,1.0,-1.2123349737729294,1
2.018718259354414,0,33,0,0.13330973937343302,1,-0.8631733216913414,1.0,0.6814844413413459,2
-0.33986965881546605,1,40,0,-0.8761667698129781,1,-0.9337485716438928,1.0,1.2096714859109412,2
-0.879481297811423,1,33,0,-0.034936345490968856,0,0.7177122772458109,1.0,-1.231208275002187,2
-0.45389729508670185,1,16,0,-0.8200847415248442,1,0.7318273272363212,1.0,0.07760004581654416,0
0.9978666806053578,1,9,2,-0.9322487981011122,3,2.3127129261734733,1.0,-0.8082916868428919,1
-0.7744259898690362,1,15,2,1.311032333424246,0,0.0966500776633582,1.0,0.4639311121094426,1
-0.46661668773679443,1,40,2,-0.4835925717960405,1,0.37895107747356394,1.0,0.6209755556263427,2
0.9856629390086474,0,26,2,-0.09101837377910281,0,-0.15742082216582698,1.0,1.7805403634119277,0
-0.8936101366740935,0,28,2,1.5353604465767818,2,0.12488017764437878,1.0,-0.9360386220562344,0
1.1738755734931263,1,30,1,0.8623761071191745,0,-1.089014121539506,1.0,1.6925968019917115,2
-0.8245816489946718,1,31,2,-0.9322487981011122,3,-1.2160495714540986,1.0,1.045272681368795,2
1.643599306387358,0,33,2,1.8718526163055855,2,-0.29857132207092985,1.0,-0.05045310845406072,2
-0.376377753394921,1,4,2,1.2549503051361122,2,-1.3289699713781808,1.0,0.5292450851979846,1
1.2969442915669953,0,17,2,0.6380479939666386,2,-1.2583947214256295,1.0,-0.09918276776637952,0
-0.6987971687063234,0,8,1,1.2549503051361122,2,-0.9055184716628722,1.0,-0.9762936689588229,1
0.43687271126248833,0,14,2,0.8062940788310404,1,0.2095704775874405,1.0,0.17785361333869892,1
-0.8519111548239249,1,28,1,0.8623761071191745,1,-0.7784830217482797,1.0,0.1621726457813991,0
-0.7817826115639547,1,12,2,-1.100494882965514,3,-0.21388102212786814,1.0,-0.9225292579800188,1
-0.12487754629200838,1,6,2,-0.9322487981011122,3,-1.0466689715679751,1.0,-1.0893420894235817,1
-0.3949068145797857,1,25,0,-0.9883308263892461,3,-0.8067131217293002,1.0,-1.0383795828187263,0
-0.8242722583626425,0,21,1,-0.8761667698129781,1,2.185677476258881,4.0,0.23831656619511282,0
-0.4855238930274727,1,5,0,0.3576378525259688,0,-0.256226172099399,1.0,2.38844898771425,1
-0.6099333038401354,1,7,0,-0.14710040206723676,0,1.5928453766574486,1.0,0.07169512166233871,1
0.03617746604767817,0,34,1,0.8062940788310404,1,-0.2703412220899093,1.0,1.034636672779889,2
0.7174900145130455,1,25,0,0.8062940788310404,1,-1.1172442215205265,1.0,-0.5961967123066866,0
0.10414027488344335,1,27,0,-0.20318243035537073,1,-0.17153587215633725,1.0,-0.6557563189441772,0
1.7126621708036716,1,2,1,1.2549503051361122,2,-0.7925980717387899,1.0,-0.9173286376575164,1
-0.7756291756602612,1,4,2,-0.8761667698129781,0,-0.6796776718147076,1.0,-0.9666375613531561,1
-0.0635838244133186,1,13,0,-1.100494882965514,3,0.15311027762539936,1.0,-0.8121653579172582,1
0.020982948341351237,1,16,2,-1.100494882965514,3,-0.256226172099399,1.0,-1.1916881538370279,0
0.18317239299847843,1,27,1,1.0867042202717103,2,-1.3995452213307322,1.0,0.6412855345992555,0
-0.7288768134869478,1,9,1,-0.7640027132367103,0,-1.3713151213497117,1.0,-1.0847870809468072,1
1.0533163572123831,1,32,0,-0.9322487981011122,3,-0.5667572718906253,1.0,-1.118762085350044,2
-0.13543120451789603,1,5,0,-0.9883308263892461,3,0.040189877701317045,1.0,-0.9531613710081438,1
2.394455993585529,1,2,2,0.9184581354073084,0,0.5342166273691771,1.0,2.15490336821683,1
-0.9853616474392212,0,2,1,1.7036065314411837,2,-0.7925980717387899,1.0,0.5524054532289129,1
-0.8055713134933171,1,35,0,1.36711436171238,2,-0.28445627208041957,1.0,-0.028918253252099065,2
0.5112983466339762,0,24,1,0.5819659656785047,2,0.3224908775115228,1.0,-0.8855048221315461,0
-0.8063276017049443,1,9,0,-1.04441285467738,1,0.2236855275779508,1.0,-0.17653625345627896,1
-0.7459276749854503,1,5,2,0.18939176766156696,1,-0.1433057721753167,1.0,-0.776319865439245,1
0.492150504185053,0,40,1,0.7502120505429065,0,-0.4679519219570533,5.0,2.197462713525316,2
-0.4370526940095521,1,42,1,1.0867042202717103,0,-0.7220228217862384,1.0,2.1132448173017897,2
-0.8579958372538341,1,2,1,-1.268740967829916,3,-0.7220228217862384,1.0,-0.44155608838929455,1
0.0925896912876835,1,17,1,0.8623761071191745,0,-0.19976597213735783,1.0,2.1507234780852014,0
1.5154772079903438,1,30,1,-0.20318243035537073,0,0.7459423772268314,1.0,2.2360616256932118,2
-0.4047385613309384,0,28,2,-0.6518386566604424,1,-0.9196335216533825,1.0,1.2278481387849276,0
1.4519489982136649,1,40,1,0.5258839373903706,2,-1.0748990715489957,1.0,-0.5083348093017407,2
2.8136459232483113,1,40,0,0.6380479939666386,2,-0.2279960721183784,1.0,-0.9442886738239725,2
-0.02281301445923803,1,24,0,0.6941300222547726,2,0.2095704775874405,1.0,0.5228553142031142,0
3.0762154396304946,1,19,1,-1.212658939541782,3,-0.6655626218241973,1.0,-1.21682108296182,0
-0.6870403246892106,1,23,2,-0.9322487981011122,3,0.39306612746407427,1.0,-1.1516193901942742,0
-0.6793399356253707,0,25,1,-1.4930690809824516,3,-0.2279960721183784,1.0,0.26953049543203605,0
-0.8669681655826832,1,8,1,0.6380479939666386,1,2.030411926363268,1.0,0.15430026418428422,1
-0.13711566462561103,1,35,2,-0.31534648693163864,0,1.4799249767333664,1.0,1.1403664577760821,2
2.6848706668503466,1,19,2,0.46980190910223674,1,1.2823142768662223,1.0,-0.7796525495124481,0
-0.03639182553163418,1,12,2,-1.268740967829916,3,1.9033764764486751,1.0,-1.2519086832731094,1
0.6985484324854752,0,35,2,-1.04441285467738,1,0.36483602748305366,1.0,0.8743820328126908,2
-0.9350341046291247,1,23,0,-0.9883308263892461,3,-1.2442796714351192,1.0,-0.9334230009421202,0
0.4767153493204811,1,17,0,-1.3809050244061838,3,0.7882875271983623,1.0,-1.0890920105268176,0
2.503877147113218,1,30,1,0.46980190910223674,2,0.6330219773027491,1.0,-0.49993164800537154,2
-0.6007203383530414,0,3,2,-0.7640027132367103,0,-1.5548107712263455,1.0,0.4487579578221024,1
-0.5451331547984474,1,32,1,-1.212658939541782,3,-1.2583947214256295,1.0,-0.8991009482739861,2
-0.6024391751976486,0,39,2,0.13330973937343302,0,0.0966500776633582,3.0,2.06488772450914,2
-1.0161288269576885,1,3,2,1.0306221919835763,2,-1.2442796714351192,1.0,-0.05155294523472719,1
-0.9469972090675903,1,41,0,1.0867042202717103,0,-0.256226172099399,1.0,0.6605186432207966,2
-0.588757233914576,1,2,1,0.6941300222547726,2,-1.145474321501547,1.0,0.257069931626943,1
-0.8645617940002333,1,11,2,0.5819659656785047,0,-0.7361378717767488,1.0,-0.9009688845232854,1
-0.1866525424871879,1,37,1,0.6941300222547726,0,-1.0184388715869546,1.0,2.204579754781184,2
-0.2289015521276308,0,28,1,0.8623761071191745,2,-0.3409164720424607,1.0,0.17789189072085662,0
1.5972938417936424,1,20,0,1.0867042202717103,0,1.7481109265530619,1.0,-1.2469453827199852,0
-0.9077733522736562,1,20,1,0.6941300222547726,1,-1.1595893714920573,1.0,-0.5145459525132082,0
-0.6757991317254801,0,40,2,0.07722771108529905,1,1.1129336769800988,1.0,-0.520856616918286,2
0.03892760499904959,1,14,1,-0.9883308263892461,1,-1.1031291715300162,1.0,0.8857070342804362,1
-0.13921264557603155,0,13,2,0.8062940788310404,2,2.439748376088066,1.0,0.7290964010946578,1
-0.7428337686651575,0,34,1,-1.212658939541782,3,0.5059865273881565,1.0,-1.226438913185329,2
0.6149785851006774,1,36,2,-1.212658939541782,3,0.9435530770939755,1.0,-1.0051905406624624,2
0.12132864332951447,1,30,0,1.311032333424246,0,-1.2019345214635884,1.0,1.4124369865025592,2
-0.9893493489187096,1,14,0,0.13330973937343302,1,1.0847035769990783,1.0,0.6909670248145642,1
1.5103894509303069,0,0,1,0.46980190910223674,0,-0.6373325218431768,4.0,-1.137967123891336,1
-0.6845995763698686,1,23,1,1.7036065314411837,2,-0.6655626218241973,1.0,0.14730060690036656,0
2.945033811650079,1,8,0,0.3576378525259688,0,-0.17153587215633725,1.0,0.2773110113119721,1
-0.2852106471569598,1,5,2,0.07722771108529905,1,-0.08684557221327555,1.0,-0.2901154536202921,1
-0.27338504966606286,0,22,1,0.9745401636954424,0,-0.256226172099399,1.0,2.2395525229460005,0
0.15051449295094327,1,2,0,-0.09101837377910281,1,-0.4397218219760327,1.0,-0.238356777466555,1
-0.8513955037705427,1,38,1,-0.7079206849485763,0,-0.9760937216154236,1.0,1.1995305314646094,2
0.48929723502300526,1,7,1,1.8718526163055855,2,-1.3713151213497117,1.0,0.007567747420687479,1
-1.017950794012972,1,39,0,1.1988682768479781,0,0.7035972272553006,1.0,1.6651978518431798,2
-0.4284928865234088,1,30,0,-0.7640027132367103,1,0.576561777340708,1.0,1.016656510467646,2
0.4835563199620174,1,35,1,-1.268740967829916,3,-0.6655626218241973,1.0,-0.8342922366299267,2
0.7615266144718797,0,42,2,1.479278418288648,2,-1.1313592715110368,1.0,-0.23840526215062166,2
1.514583412831148,1,6,2,0.3015558242378349,0,0.054304927691827334,1.0,2.36267044674373,1
-0.5051873865297781,1,22,2,1.0867042202717103,2,-1.1595893714920573,1.0,-0.7494823168956936,0
0.5033573204118913,1,21,2,-0.9883308263892461,1,-1.4560054212927735,1.0,0.08446956000112536,0
-1.006572094101673,1,16,2,0.41371988081410277,0,2.199792526249391,1.0,1.5745544590681022,0
-0.6891373056396313,0,25,2,0.18939176766156696,0,0.0966500776633582,1.0,1.881646240643462,0
-0.1414471334740209,1,36,1,-1.04441285467738,1,-0.6937927218052179,1.0,-0.6538654162655835,2
1.5014514993383496,0,4,1,0.18939176766156696,1,2.397403226116535,1.0,0.2930634299826331,1
3.2755661368680276,1,8,0,-0.4835925717960405,0,-0.18565092214684756,2.0,1.6516400030828973,1
-0.7350302493906412,1,22,1,-0.31534648693163864,0,0.3083758275210125,1.0,2.1671317159034986,0
-0.3286628425886276,0,41,0,0.18939176766156696,1,-0.7220228217862384,1.0,0.6005762627617284,2
-0.4919523428263033,1,23,1,-1.100494882965514,3,-0.9478636216344031,1.0,-0.9376105465501803,0
0.6305856236497098,1,1,1,0.7502120505429065,2,2.2139075762399014,1.0,0.2676753183101227,1
-0.4303148535786923,1,24,2,-1.3809050244061838,3,1.2964293268567326,1.0,-1.1935433309589414,0
-0.0773688959070678,0,30,1,0.46980190910223674,2,1.6634206266100002,1.0,0.311229875554711,2
-0.31247139951242864,1,8,2,0.8623761071191745,1,0.18134037760641994,1.0,0.765383359380224,1
-0.5544148737593259,1,6,1,-0.7640027132367103,1,-1.4983505712643044,1.0,0.2897715751170649,1
1.1203509941520606,1,15,1,-1.04441285467738,1,0.16722532761590964,5.0,-0.0299593980467904,1
-0.9898649999720919,1,2,0,0.8062940788310404,0,-0.8772883716818517,5.0,0.5260476478750723,1
-0.934346569891282,1,41,0,-0.7079206849485763,0,-1.230164621444609,1.0,0.607371774007471,2
0.07357935578632893,0,41,1,-0.8761667698129781,1,-0.7220228217862384,1.0,-0.6959552256862676,2
-0.39765695353115715,1,18,1,0.3576378525259688,2,0.23780057756846107,1.0,-0.5211577323245937,0
1.4387483312470821,1,1,0,-0.034936345490968856,0,1.705765776581531,1.0,0.48326884557554806,1
-0.2582936621704124,0,14,0,1.1427862485598441,0,0.4212962274450948,1.0,0.5810063131771989,1
-0.7505341577289975,1,37,0,1.311032333424246,2,0.6612520772837697,1.0,-0.021250017693159037,2
1.011170477782617,1,40,0,0.41371988081410277,0,0.28014572753999195,1.0,1.205346141727113,2
-0.3365694920738203,0,35,1,0.41371988081410277,2,-0.17153587215633725,1.0,-0.17955251117031118,2
0.15738984032937173,1,26,2,1.0306221919835763,2,-0.32680142205195045,1.0,0.3553662490080974,0
-0.4675104828959902,1,25,1,-0.20318243035537073,1,0.4354112774356051,1.0,0.8888177095371245,0
-0.9005886142631983,1,15,2,-1.268740967829916,3,1.606960426647959,1.0,-0.893280234360528,1
0.19530738112140475,1,4,0,1.6475245031530499,2,1.0000132770560166,1.0,-0.31158651318532404,1
-0.8927163415148979,1,10,0,-0.25926445864350467,0,-0.04450042224174468,1.0,1.0299413139018694,1
-0.9790363278510669,1,35,0,-1.212658939541782,3,-0.8067131217293002,1.0,-1.2454398056884464,2
-0.3728025727581383,1,5,0,-1.3248229961180498,3,-0.849058271700831,1.0,0.8583080841319045,1
-0.1470505415874401,1,3,0,1.9840166728818536,2,-1.3148549213876706,1.0,0.30546274997627354,1
-0.23233922581684505,0,22,1,0.3576378525259688,1,-0.9055184716628722,1.0,1.130148948565435,0
-0.20748484504382614,1,40,0,0.9184581354073084,0,0.44952632742611537,1.0,1.7101150838925847,2
-0.7325207475975148,0,32,0,-1.100494882965514,3,0.5201015773786668,1.0,-0.9682094858471019,2
0.5031854367274308,1,38,2,0.6941300222547726,2,-0.8349432217103208,1.0,0.2473627875117325,2
-0.8323164147954039,0,18,1,-1.156576911253648,3,-0.4679519219570533,1.0,0.4984879327214776,0
-0.835994725642863,0,8,0,-0.20318243035537073,1,2.185677476258881,1.0,0.7231072666997055,1
2.5768589595352362,1,2,2,-1.3809050244061838,3,0.2660306775494817,1.0,-0.8175548133250724,1
0.32879225047359306,1,5,2,-1.04441285467738,3,-0.42560677198552244,1.0,-0.8483604504856459,1
0.7476040360305624,1,8,0,-0.9883308263892461,1,-0.9055184716628722,1.0,1.0656643187569779,1
0.11706592795488881,1,9,0,0.8062940788310404,0,-0.21388102212786814,1.0,1.1880983533268217,1
-0.41305773165883686,1,25,2,-1.4369870526943178,3,0.7459423772268314,1.0,-1.268344991171656,0
3.8964100051401163,1,32,2,-1.3809050244061838,3,-0.5102970719285842,1.0,-1.0007248460773892,2
-0.19961257229552556,1,1,2,-0.6518386566604424,1,-1.2583947214256295,1.0,0.6926027449454395,1
0.6073469495106216,1,4,2,0.07722771108529905,1,2.3127129261734733,1.0,0.8678621187184841,1
0.5280398175004495,1,6,2,-0.8761667698129781,1,-0.24211112210888872,1.0,0.9954891181343989,1
-0.18648065880272727,1,29,1,-0.31534648693163864,1,-1.089014121539506,1.0,-0.13187930760554695,0
0.47090568078570905,1,37,2,0.5819659656785047,1,-0.5949873718716459,1.0,-0.7630401656559759,2
-0.5854914439098224,1,24,0,-1.3809050244061838,3,0.7035972272553006,1.0,-1.0327043229574677,0
-0.9452096187491991,0,23,2,0.13330973937343302,0,-0.3832616220139916,1.0,1.3889474329850744,0
0.8517655488137532,1,24,1,-0.9883308263892461,1,-1.1172442215205265,1.0,-0.05960395461524493,0
-0.9518443289693825,1,26,2,0.5819659656785047,1,-1.1737044214825676,1.0,1.1436863827218995,0
0.4312005496752847,0,18,1,0.3015558242378349,0,-0.552642221900115,1.0,0.09181881737541707,0
-0.6323469362938123,1,1,0,-1.4369870526943178,3,-0.9619786716249134,1.0,-0.8883373484112211,1
-0.0760282031682741,0,42,2,1.5353604465767818,2,-0.7502529217672591,1.0,0.2698469217912069,2
1.0058077068274425,1,42,1,-0.9883308263892461,3,-1.3713151213497117,1.0,-1.082327121186801,2
-0.500787164207584,1,38,0,-0.14710040206723676,0,0.7882875271983623,1.0,1.0330315745547403,2
0.33577072806269787,0,12,1,-0.09101837377910281,0,-0.03038537225123439,1.0,0.3400068114609226,1
1.0899619587394067,1,4,2,-1.04441285467738,3,0.28014572753999195,1.0,-1.2450289617866197,1
-0.3103400418251158,0,19,2,-1.4369870526943178,3,-1.2725097714161397,1.0,-1.2413517812739963,0
-0.26668158597209507,1,39,0,0.6941300222547726,2,0.44952632742611537,1.0,-0.842228413863971,2
-0.057155374614487976,1,30,0,-0.5957566283723084,1,0.3083758275210125,1.0,-0.16742623650272967,2
-0.8256817045752204,0,34,1,0.7502120505429065,1,-0.32680142205195045,1.0,-0.3706587211566724,2
-0.9199770938703665,0,39,1,-0.7079206849485763,0,-0.5949873718716459,1.0,1.63017404716882,2
2.9374365527969157,1,2,1,1.1427862485598441,2,0.8447477271604035,1.0,0.6312160312662848,1
0.4344319629431463,1,28,2,-1.268740967829916,3,-0.05861547223225497,1.0,0.1015540315708768,0
-0.239592717301087,1,29,0,1.2549503051361122,0,-0.05861547223225497,1.0,1.1495581331449016,0
-0.7938488462130966,1,39,2,1.0306221919835763,0,-1.0184388715869546,1.0,2.3774991045916503,2
-0.6167398977447798,1,29,2,-0.6518386566604424,0,2.4820935260595967,1.0,-1.1085751980451228,0
-0.2638970702838316,1,21,0,-0.9883308263892461,3,2.199792526249391,1.0,-0.9972926408105757,0
-0.15739793939197488,0,39,0,-1.04441285467738,3,0.7318273272363212,1.0,-0.8954314232377946,2
0.465577286567427,1,30,1,-0.3714285152197726,0,1.564615276676428,1.0,0.3252904339339985,2
-0.4119576760782883,1,28,0,0.8062940788310404,2,-0.8631733216913414,1.0,-1.0096179578653777,0
-0.2100287235738447,1,40,2,0.24547379594970092,0,-0.07273052222276526,1.0,2.278222886227257,2
2.9959113822504495,1,27,2,-0.9322487981011122,3,-0.08684557221327555,1.0,0.2176365725280081,0
0.1702811166639251,0,6,2,-1.100494882965514,3,2.14333232628735,1.0,-0.9425279142447152,1
0.754857527514804,1,29,0,-0.7640027132367103,0,-1.3572000713592014,1.0,1.5852517114684606,0
-0.9001417166836004,1,40,1,0.41371988081410277,0,-0.6232174718526665,1.0,-1.2505281456899524,2
-0.8648024311584782,1,37,0,-0.14710040206723676,1,-1.2160495714540986,1.0,-0.15960744324063572,2
-0.3115432276163408,1,24,0,0.46980190910223674,0,-1.526580671245325,1.0,-0.8688158835107583,0
-0.3382539521815353,1,16,0,-0.09101837377910281,1,2.3268279761639836,1.0,0.6330737602136752,0
0.03366796425455172,0,26,2,0.9745401636954424,2,-0.42560677198552244,1.0,-0.6267369596176329,0
0.3627908432599217,1,19,1,-0.7640027132367103,1,0.6612520772837697,3.0,-0.45666544703970513,0
-0.9557976537119788,1,22,0,-0.9883308263892461,3,0.3366059275020331,1.0,-1.1861838662827406,0
-0.21150692326020681,1,34,0,1.9279346445937195,2,-0.11507567219429611,1.0,-0.40952047134871805,2
-1.0236573323370677,1,4,0,-0.31534648693163864,1,0.2236855275779508,1.0,0.5269509940939956,1
-0.9756674076356371,1,31,0,-1.212658939541782,3,-0.552642221900115,1.0,-0.8921370165467492,2
-0.22601390622869086,0,1,1,-0.6518386566604424,1,0.4636413774166257,1.0,-0.23153574796604046,1
0.0668071386185768,1,24,2,-0.034936345490968856,1,-0.2279960721183784,1.0,0.29195338590005787,0
-0.7680662935439899,1,16,0,-0.09101837377910281,1,2.298597876182963,1.0,-0.4195797673797801,0
-0.8012742213817994,0,2,2,-0.8761667698129781,0,-0.7502529217672591,1.0,1.3120481722301138,1
-1.0232104347574698,1,18,1,-0.5957566283723084,1,0.7318273272363212,1.0,0.9126976923526188,0
0.2270027325359598,1,13,0,1.0306221919835763,0,-0.8349432217103208,1.0,0.7921928378435263,1
-0.9704077668911393,1,28,1,1.36711436171238,0,-1.5406957212358352,4.0,0.8398736968847224,0
-0.2593249642771767,1,11,2,-0.31534648693163864,0,-0.45383687196654304,1.0,2.3917740163110213,1
1.1693034674864713,1,31,1,0.18939176766156696,1,-0.7925980717387899,1.0,0.15366996329141955,2
-0.19555611734225276,1,29,0,-0.7640027132367103,1,-0.17153587215633725,1.0,-0.9882515231449105,0
-0.4363651592717093,1,27,2,0.3576378525259688,2,-1.1031291715300162,1.0,0.26358219024471846,0
-0.8953289735187007,0,38,2,-0.9883308263892461,3,-0.15742082216582698,1.0,-1.1947146188529691,2
-0.9361685369465657,1,22,2,1.311032333424246,2,-1.4418903713022633,1.0,-0.19446027560802415,0
1.690317291823779,1,17,0,-0.25926445864350467,0,-0.3691465720234813,1.0,2.259515453654016,0
3.9754077465182593,1,24,0,-0.9883308263892461,3,-1.4136602713212425,1.0,-0.9963739836387894,0
1.7493421490675876,1,39,2,-1.100494882965514,3,-1.5406957212358352,1.0,-1.2737140319756526,2
0.66252161222251,1,18,0,-1.04441285467738,1,-0.08684557221327555,1.0,0.9213841062769557,0
2.4864137647720095,1,11,1,0.9184581354073084,0,0.06841997768233762,1.0,0.28827365356195755,1
0.0453216780609879,1,1,1,0.24547379594970092,0,1.0988186269895885,1.0,-1.265099069164677,1
-0.7324519941237305,1,36,0,0.3576378525259688,2,-1.0184388715869546,1.0,-0.12657406243848,2
0.03318668993806178,1,11,1,1.0867042202717103,0,-0.8067131217293002,1.0,-1.0288969993455082,1
0.12229119196249456,1,13,2,-0.4835925717960405,1,-0.7361378717767488,1.0,1.0576031020745513,1
1.0030919446129634,1,17,1,0.6380479939666386,1,1.310544376847243,3.0,1.100103755397062,0
0.25433223836521285,1,15,1,1.1988682768479781,0,-0.8067131217293002,1.0,2.1019785078200193,1
0.7040487103882178,0,14,2,-1.04441285467738,3,0.2942607775305022,1.0,-1.2127151957690299,1
-0.6678924822402874,1,28,0,-0.4835925717960405,0,-1.2160495714540986,1.0,0.49787294278147615,0
-0.7860797036754724,1,19,0,-0.8200847415248442,1,0.5906768273312183,1.0,1.0687724421881888,0
-0.6452382126283657,0,36,0,0.6380479939666386,0,-0.8208281717198105,1.0,0.9048202071045499,2
-0.1591511529734741,1,23,0,0.9745401636954424,0,-0.256226172099399,1.0,1.7105080650160709,0
0.12366626143818017,1,27,1,0.8062940788310404,1,1.127048726970609,1.0,0.5647715994913499,0
-0.8444857796552222,1,33,2,-0.9883308263892461,3,-0.4679519219570533,1.0,-0.49399099829448556,2
2.518968534608868,1,36,0,-1.100494882965514,3,-1.145474321501547,1.0,-0.8042802171927576,2
-0.5387734584734011,1,10,2,0.07722771108529905,1,-0.6091024218621562,1.0,-1.0395661816656172,1
-0.2970018679109646,0,6,2,0.3015558242378349,0,1.1976239769231607,1.0,1.8320055796357886,1
-0.8136842233998627,1,38,1,-0.20318243035537073,1,-1.4136602713212425,2.0,0.71432898705819,2
0.03483677330888467,1,19,0,0.8623761071191745,2,-1.3713151213497117,1.0,-0.24062535031577229,0
-0.6417661622022592,1,6,1,-1.3248229961180498,3,0.8588627771509137,1.0,-0.9925258308191949,1
1.297356812409701,1,5,0,0.9184581354073084,2,0.5483316773596874,1.0,-0.8167331255214189,1
-0.0119843423382131,1,29,1,0.8623761071191745,2,-0.6514475718336871,1.0,0.5823281587743806,0
-0.6588857771745461,0,31,0,0.41371988081410277,1,0.6189069273122388,1.0,1.0997184297500076,2
0.28678387799139515,1,39,2,-0.4835925717960405,0,-0.5808723218811356,1.0,0.17998949126310249,2
2.9036785971688324,0,15,2,-1.100494882965514,3,-0.6937927218052179,1.0,-0.9172929121008357,1
-1.0053001548366636,1,14,1,-0.25926445864350467,1,-1.230164621444609,1.0,0.08703159278021877,1
-0.3059741962398137,1,41,0,0.18939176766156696,0,1.1693938769421401,1.0,1.022574193749237,2
0.7690551198512587,1,41,0,0.13330973937343302,1,-1.2160495714540986,1.0,-0.08743161144394399,2
0.9978323038684657,1,5,2,-0.6518386566604424,1,0.19545542759693021,1.0,0.8526685498273262,1
-0.5205537879205657,1,0,2,-1.3809050244061838,3,2.1574473762778603,1.0,-0.8992208840714139,1
-0.417939228297521,0,36,2,1.5914424748649159,2,-0.3691465720234813,5.0,0.5201886565794562,2
-0.8276411785780724,1,1,2,-0.9883308263892461,3,-0.552642221900115,1.0,-1.0189295690316247,1
-0.011434314547938933,1,30,2,1.8157705880174517,2,-0.2703412220899093,1.0,-0.719975558903007,2
-0.4658260227882752,1,16,1,1.0867042202717103,2,-1.4277753213117528,1.0,0.513234932154128,0
-0.8317320102682374,1,26,1,-0.7640027132367103,0,-0.6091024218621562,1.0,2.0854375750769085,0
0.7784743457597058,1,12,0,-0.31534648693163864,0,0.774172477207852,1.0,0.8163713842398513,1
0.8157731052876801,1,36,1,-1.212658939541782,3,-0.1433057721753167,1.0,-1.1334554964476735,2
-0.8293600154226796,1,33,0,0.021145682797165097,1,0.9153229771129548,1.0,0.7359965371849652,2
-0.5983139667705915,0,0,1,0.9184581354073084,0,1.409349726780815,1.0,0.48891858718203507,1
1.7353164404155934,1,6,0,-1.4369870526943178,3,0.774172477207852,1.0,-0.7961577566988787,1
-0.36073633810899636,1,5,0,1.0867042202717103,2,-0.15742082216582698,1.0,-0.7117101961824058,1
0.8368116682656712,0,16,1,0.18939176766156696,1,0.576561777340708,1.0,0.2535637234212913,0
-0.9554195096061652,1,35,0,1.8157705880174517,2,-0.4820669719475636,1.0,-0.31239799368706883,2
-0.9010698885796883,0,26,1,-0.25926445864350467,0,0.18134037760641994,1.0,1.544812933131515,0
-0.08544742907672112,1,14,1,0.3576378525259688,2,0.7459423772268314,1.0,-0.7378281299413911,1
1.255967221191562,1,0,0,1.2549503051361122,2,0.37895107747356394,1.0,0.20509179848216824,1
0.15732108685558752,1,5,1,0.6941300222547726,1,-0.7079077717957282,1.0,-0.4631394282753226,1
-0.7862515873599332,1,11,1,1.36711436171238,0,2.2562527262114322,2.0,1.7807980977851234,1
-0.7654536615401871,1,14,0,1.8157705880174517,2,2.0586420263442884,1.0,-0.9318561800991289,1
-0.7264016884307134,1,13,1,-0.6518386566604424,0,0.6471370272932594,1.0,0.9446312363741083,1
2.776897191510612,1,29,0,-0.5957566283723084,1,-1.187819471473078,1.0,-0.6270508341513267,0
-0.9762861888996955,1,21,1,0.021145682797165097,1,-0.6655626218241973,1.0,0.4735234240781799,0
-0.8070495131796793,0,21,1,-1.212658939541782,3,0.054304927691827334,1.0,-1.0976049003187058,0
1.0594010396422924,1,21,1,-0.8761667698129781,0,-1.1031291715300162,1.0,1.167510225376896,0
-1.0093909865268285,1,3,1,-0.9883308263892461,3,0.16722532761590964,1.0,-0.947195203042486,1
0.13954831388234992,1,41,1,-1.4930690809824516,3,0.6894821772647903,1.0,-1.0094240191291117,2
-0.6887935382707098,1,34,1,1.36711436171238,0,0.5059865273881565,1.0,0.7123742887426666,2
-0.9298432173584114,0,13,0,0.5258839373903706,2,-1.3289699713781808,1.0,-0.36081377846569396,1
-0.047873655653609605,1,22,0,0.3576378525259688,2,0.9717831770749961,1.0,-0.41187070261320513,0
-0.7627722760626001,1,20,1,-1.268740967829916,3,-0.7220228217862384,1.0,-1.1301151568980385,0
0.9845972601649908,1,10,0,1.6475245031530499,2,-0.6232174718526665,1.0,-0.4692867758498606,1
0.4609364270869879,1,19,1,-1.4930690809824516,3,0.5906768273312183,1.0,-1.126568119484752,0
-0.562218393033842,1,38,2,0.8062940788310404,0,0.6330219773027491,1.0,2.490284687032259,2
-0.812790428240667,1,34,0,-1.04441285467738,3,-0.4820669719475636,1.0,0.15612481940047118,2
-0.9823021178558203,1,14,1,-1.100494882965514,3,-1.385430171340222,1.0,-0.8285098000986262,1
-0.29167347369268254,1,37,1,-1.100494882965514,3,-0.8067131217293002,1.0,-1.1268335093343793,2
-0.9046794459533632,1,8,1,-0.7640027132367103,1,-0.6796776718147076,1.0,-0.5826363117209272,1
0.12920091607781511,1,40,2,-1.156576911253648,3,0.3083758275210125,1.0,-0.9963943982426068,2
0.43267874936164685,1,36,0,-0.09101837377910281,0,-0.6373325218431768,1.0,0.8372019356101097,2
0.21754912989062067,0,25,2,1.5353604465767818,2,-0.6937927218052179,3.0,-0.030791293152352663,0
-0.26565028386533085,1,21,1,-0.14710040206723676,1,-1.2583947214256295,1.0,-0.20298592452729816,0
0.37135065074606516,1,15,0,-0.14710040206723676,0,-0.19976597213735783,1.0,1.380013491989451,1
0.44598254653890596,1,31,0,0.13330973937343302,1,-1.28662482140665,1.0,-0.45946224776269956,2
-0.9494723341238247,1,31,0,-0.9322487981011122,3,-1.2725097714161397,1.0,-1.031272748864767,2
0.3285859900522402,1,36,0,0.5819659656785047,0,0.2942607775305022,1.0,1.2867059934161924,2
-0.055642798191233724,1,10,1,-1.100494882965514,3,2.100987176315819,1.0,-1.242242368365534,1
-0.20023135355958416,1,40,0,1.423196390000514,2,-0.990208771605934,1.0,-0.9227283003672392,2
-0.20714107767490472,1,26,1,-1.04441285467738,3,-1.4701204712832838,1.0,0.9795963490624925,0
0.5541317608015855,0,18,2,1.0867042202717103,2,-0.15742082216582698,1.0,-1.0430494234419745,0
-0.34928888472391295,1,28,1,-0.20318243035537073,1,-0.7784830217482797,1.0,0.6183012425262532,0
-0.9517755754955981,1,41,0,-1.212658939541782,3,-0.24211112210888872,4.0,-1.2183445227716991,2
-0.6973877224937454,1,10,2,-1.3809050244061838,3,-0.849058271700831,3.0,-1.053062786614447,1
0.16079313728169384,1,15,1,0.7502120505429065,2,-1.3430850213686911,1.0,0.6006630248279524,1
-0.5791661243216683,0,38,0,-1.212658939541782,3,0.054304927691827334,1.0,-1.1415090576536684,2
-0.9679326418349051,1,15,0,-1.3248229961180498,3,1.409349726780815,1.0,-1.1191372036951903,1
-0.07245302253149144,0,10,0,0.07722771108529905,0,1.508155076714387,1.0,0.891300635726425,1
-0.979998876484047,1,5,1,0.3576378525259688,0,-1.1031291715300162,1.0,0.25081030373140906,1
-0.34059157029020093,1,22,0,-1.268740967829916,3,0.9153229771129548,1.0,-1.0972731630066717,0
1.3283302523495213,1,13,1,-0.8761667698129781,0,-0.6232174718526665,1.0,0.29729946027475973,1
3.010177728060689,0,41,2,0.9184581354073084,0,-0.8349432217103208,1.0,1.368456274403281,2
-0.8668994121088989,1,26,0,-1.04441285467738,3,-1.3713151213497117,1.0,-1.1608314801669108,0
1.5938217913675359,1,8,0,-1.4369870526943178,3,-1.3148549213876706,1.0,-1.2611896725336302,1
0.1144189192141939,1,24,0,-0.14710040206723676,1,0.02607482771080676,1.0,-1.0842792676768473,0
1.047472311940719,1,3,1,0.8623761071191745,2,0.7459423772268314,1.0,0.593071344033328,1
-0.8043337509652,0,16,1,0.6941300222547726,0,1.4375798267618356,1.0,-1.0371878803208812,0
-0.6994159499703819,0,27,0,-0.9322487981011122,3,0.3366059275020331,1.0,-1.1500627766531915,0
-0.4899928688234512,0,2,1,-1.4369870526943178,3,-0.7925980717387899,1.0,-1.2666735454841,1
0.011323085274659256,0,10,2,0.13330973937343302,0,-0.2279960721183784,1.0,1.3920198308596046,1
-0.556168087340825,1,26,2,1.6475245031530499,2,-0.7784830217482797,1.0,-0.18083097573438078,0
-1.0096660004219657,1,30,0,-1.04441285467738,3,-0.8067131217293002,1.0,-0.9349821663086801,2
0.4508640431775902,1,39,2,-0.8761667698129781,1,-0.18565092214684756,1.0,-0.01885895722103701,2
-0.5485020750138774,0,2,1,0.8623761071191745,1,-0.3832616220139916,1.0,0.8117832020318734,1
-0.9112110259628704,1,42,1,-1.3248229961180498,3,-1.3007398713971603,1.0,-1.0609734455937196,2
-0.7621534947985416,1,34,2,-0.8200847415248442,0,-0.5667572718906253,1.0,1.6563226028335314,2
-0.937715490106712,1,28,0,-1.4369870526943178,3,-1.3430850213686911,1.0,-0.8806971829325302,0
0.11280321258026332,1,18,0,-0.4835925717960405,1,-1.3007398713971603,1.0,0.35413371730261717,0
-0.49690259293877176,1,10,2,-0.4275105435079065,0,-1.4701204712832838,1.0,0.13430926339601934,1
-0.2766852164077085,1,29,2,-0.9883308263892461,3,-0.002155272270213815,1.0,-0.8759099583373318,0
-0.5720501397849947,0,10,1,0.46980190910223674,1,-0.8631733216913414,1.0,-0.5448539837057308,1
2.251930042430707,1,33,2,0.8623761071191745,2,-0.5102970719285842,1.0,-0.40509560597127975,2
-0.7893111169433338,1,26,2,1.2549503051361122,2,-1.0043238215964443,1.0,0.4056703846398391,0
4.107689430079223,1,7,0,1.36711436171238,2,0.4354112774356051,1.0,-0.8866123143886443,1
0.5930806037003827,1,40,1,0.6941300222547726,0,0.0966500776633582,1.0,1.8824908948764103,2
0.2999501682210858,1,24,1,-0.3714285152197726,0,2.100987176315819,1.0,0.023105812751265123,0
-0.07640634727408772,1,39,0,-1.100494882965514,3,-0.11507567219429611,1.0,-0.866600898996562,2
-0.7121353426204745,0,7,0,1.0306221919835763,2,-0.9055184716628722,1.0,-0.3055820678375086,1
-0.3157371895171821,1,3,0,1.6475245031530499,2,-0.9055184716628722,1.0,-0.36810434385401053,1
-0.6233746079649632,1,30,0,0.3576378525259688,1,1.2964293268567326,1.0,-0.15646614607822126,2
-0.7102102453545145,1,29,0,0.13330973937343302,0,-0.6091024218621562,1.0,-1.1294185085427673,0
0.6573307249517966,1,21,1,-0.09101837377910281,1,-1.187819471473078,1.0,0.12800880629285047,0
4.696666063252295,1,35,1,-1.4930690809824516,3,-0.7784830217482797,1.0,-0.8944846959857591,2
0.40012397952478823,0,31,2,0.7502120505429065,0,-0.17153587215633725,1.0,1.9434693164792154,2
-0.9271962086177165,1,40,1,0.021145682797165097,0,1.9739517264012265,1.0,0.9694477391397294,2
0.5429936980485315,1,11,1,1.311032333424246,0,-1.4136602713212425,1.0,1.693372556936776,1
-0.836235362801108,1,18,2,0.41371988081410277,2,0.054304927691827334,1.0,-0.4078005409770955,0
-0.9219021911363264,0,10,2,1.311032333424246,0,-0.8067131217293002,1.0,0.7046677758015689,1
-0.5673405268307713,1,19,2,-0.5396746000841744,1,0.3224908775115228,1.0,0.956897861442935,0
0.5851739542151899,1,14,2,1.36711436171238,2,0.44952632742611537,1.0,-0.09787368129658375,1
-0.18039597637281804,1,35,1,-1.212658939541782,3,0.0966500776633582,1.0,-0.8200964315003483,2
2.3506944075218317,0,3,2,-0.09101837377910281,0,-0.11507567219429611,1.0,1.0015267372134178,1
-0.7373678674993069,1,38,0,0.13330973937343302,0,1.014128327046527,1.0,2.247049786197969,2
0.11386889142391975,0,28,1,0.9184581354073084,0,0.576561777340708,1.0,1.9188875816574953,0
-0.8271255275246903,0,11,2,-1.156576911253648,3,0.8024025771888725,1.0,-1.104540761965694,1
-0.48311752144502274,1,16,1,-0.09101837377910281,0,0.5483316773596874,1.0,0.6245787332001274,0
-0.23306113729157996,1,7,2,0.07722771108529905,1,-1.3572000713592014,1.0,0.8327362410250365,1
0.026895747086799798,1,12,0,1.5353604465767818,2,-0.45383687196654304,1.0,-0.9309349711018651,1
2.2159375989046346,1,4,2,-0.5396746000841744,1,-1.28662482140665,1.0,0.012181447883437375,1
-0.6248528076513253,1,14,1,-0.9883308263892461,3,0.3366059275020331,1.0,-0.8669658100397993,1
0.8237141315097652,0,23,2,-1.4369870526943178,3,0.774172477207852,1.0,-0.8389135925691081,0
0.8252954614068035,0,42,1,-0.9883308263892461,1,1.861031326477144,1.0,0.20783501087014178,2
-0.2703942735564465,1,42,2,-0.14710040206723676,1,-1.3713151213497117,1.0,-0.22617181081299814,2
-0.8227253052024961,1,22,2,-0.9883308263892461,1,1.0000132770560166,1.0,0.5532654184147241,0
0.36065948557260885,1,42,2,1.0306221919835763,0,2.340943026154494,3.0,1.383073130736595,2
1.4495426266312148,1,37,1,-1.4369870526943178,3,0.9858982270655063,1.0,-1.123585035501923,2
-0.46366028836407025,1,24,2,-1.04441285467738,3,1.367004576809284,1.0,-0.843458393743974,0
-0.02363805614464928,0,3,2,-0.20318243035537073,1,-0.28445627208041957,1.0,-0.361326695386608,1
-0.830460071003228,1,29,0,-0.14710040206723676,1,0.44952632742611537,1.0,0.4638239354394008,0
-0.35166087956947073,1,33,2,-0.31534648693163864,0,0.9294380271034651,1.0,1.7694603371899917,2
-0.7952582924256745,0,2,1,-0.4835925717960405,0,-1.0748990715489957,1.0,-1.2526563681379246,1
-0.6569606799085861,1,29,1,-0.3714285152197726,1,0.44952632742611537,1.0,0.17296686754989013,0
1.229703394205965,1,29,0,0.5819659656785047,2,0.6189069273122388,2.0,-0.1412674735361094,0
-0.6565825358027726,0,30,2,-1.100494882965514,3,0.774172477207852,1.0,-1.2503393106046408,2
-0.7500185066756152,1,24,0,-0.034936345490968856,1,2.1715624262683706,2.0,1.032258371435153,0
-0.2157352618979403,1,42,1,-1.04441285467738,3,-0.7361378717767488,1.0,-1.1551485648292206,2
-0.7279142648539678,0,16,1,0.41371988081410277,2,-1.3572000713592014,1.0,-0.9041382517659488,0
0.13714194229989998,1,7,0,1.423196390000514,0,-0.07273052222276526,1.0,1.0067069429321025,1
0.9592272283385899,0,38,1,-0.25926445864350467,1,-0.7643679717577694,1.0,0.3947485715974886,2
-0.29139845979754536,1,29,0,0.41371988081410277,2,0.576561777340708,1.0,0.07830434964824697,0
2.013871139452622,0,40,2,0.46980190910223674,2,0.12488017764437878,1.0,-0.7019928447652866,2
-0.7848077644104632,0,27,1,-0.9883308263892461,3,0.25191562755897134,1.0,-1.264892371301025,0
1.6186074186667707,1,16,1,1.0867042202717103,2,-0.9478636216344031,1.0,0.45080452185480463,0
-0.4072824398609569,1,40,2,-1.156576911253648,3,-0.016270322260724102,1.0,-1.1953576788732196,2
0.43938221305561476,1,17,0,-1.212658939541782,3,-1.0325539215774648,1.0,-1.20191076669863,0
-0.11948039859994207,1,10,0,1.0867042202717103,2,-0.9196335216533825,1.0,-0.6845434621522977,1
-0.6361971308257323,0,40,2,-0.4835925717960405,0,-1.526580671245325,1.0,0.42425277776469794,2
-0.9868742238624755,1,2,2,-0.14710040206723676,0,-1.1031291715300162,1.0,0.7109580256028291,1
1.9494147577798553,1,15,1,-1.156576911253648,3,0.576561777340708,1.0,1.0727660490599829,1
-0.5022309871570538,1,0,0,0.3576378525259688,1,-0.8067131217293002,1.0,0.6220958070108268,1
-0.09524479909098174,1,17,0,-1.100494882965514,3,-0.2279960721183784,1.0,-1.070346300571419,0
-0.1259776018725569,0,28,2,0.3015558242378349,1,-0.3409164720424607,1.0,0.4190496056167183,0
-0.6810587724699778,0,42,2,1.5914424748649159,2,0.44952632742611537,1.0,-0.5245567638602038,2
0.3526840826136319,1,19,2,-0.7079206849485763,1,-1.3289699713781808,1.0,1.0071407532632242,0
0.3897422049833614,1,13,0,-1.04441285467738,3,-0.002155272270213815,1.0,-1.0965076153635163,1
-0.3213062208937092,1,19,2,0.41371988081410277,1,-0.3973766720045019,1.0,1.0477632630345273,0
0.4244283325075328,1,38,2,0.46980190910223674,1,0.3366059275020331,1.0,0.751330456477368,2
-0.3599800498973692,1,22,0,-1.4930690809824516,3,2.3268279761639836,1.0,-1.0237397600561178,0
0.27138309986371556,1,6,0,-0.5957566283723084,1,-0.7925980717387899,1.0,-0.3268158076331623,1
-0.8387792413311266,0,4,1,-0.9322487981011122,1,-1.4560054212927735,1.0,-1.0596898773786958,1
-0.9625354941428386,1,21,0,0.6941300222547726,2,-0.7643679717577694,1.0,0.35234488764311067,0
0.37994483496910075,0,13,2,0.18939176766156696,1,0.5483316773596874,1.0,-0.6622251965288404,1
-0.4675104828959902,1,3,1,1.0867042202717103,0,1.4234647767713253,1.0,1.1445335887803247,1
-0.45647555035361254,1,4,0,0.24547379594970092,0,-1.3007398713971603,1.0,0.5749457276688852,1
-0.10524842952659502,1,0,0,-1.3248229961180498,3,0.5483316773596874,2.0,-1.0926211851617642,1
1.9209851963700537,1,27,1,-0.4835925717960405,1,0.4212962274450948,1.0,0.8895934644821889,0
-0.09239152992893379,0,21,0,0.021145682797165097,0,-0.4679519219570533,1.0,0.45152924029032515,0
0.032946052779816805,0,11,2,1.7036065314411837,2,0.5906768273312183,1.0,-0.7759447470940988,1
0.17213746045610084,1,12,0,-1.3248229961180498,3,0.8588627771509137,1.0,-0.8180498674676461,1
0.8927082424522945,0,31,1,-1.04441285467738,3,-0.256226172099399,1.0,-0.970740896720469,2
0.09454916529053578,1,9,0,1.36711436171238,0,-0.45383687196654304,1.0,2.2158817898196355,1
-0.2140508017902253,0,22,2,0.46980190910223674,1,0.6894821772647903,1.0,-0.24825020484160015,0
1.0500161904707375,1,0,2,-0.034936345490968856,0,-1.3289699713781808,1.0,1.384081101800083,1
-0.09572607340747168,1,40,0,-0.7640027132367103,1,-1.1031291715300162,1.0,0.08201215206659648,2
-0.600617208142365,1,34,2,0.8062940788310404,0,-1.1313592715110368,1.0,2.155992997695588,2
0.9591928516016978,1,41,0,-0.31534648693163864,1,-0.7220228217862384,1.0,0.04396698602724994,2
-0.7076663668244959,1,30,1,0.8623761071191745,1,-0.3832616220139916,1.0,0.4705301327934421,2
1.918613201524496,0,7,1,-0.6518386566604424,0,-0.15742082216582698,1.0,1.9386744364075856,1
-0.16004494813266987,1,40,1,0.18939176766156696,0,0.8024025771888725,1.0,-1.2347859343212002,2
-0.9263367901954129,1,36,1,0.6380479939666386,2,0.36483602748305366,1.0,-0.43653409585019515,2
-0.3854532119344466,1,10,2,-1.212658939541782,3,-1.4277753213117528,1.0,-0.8463572674860559,1
-0.18912766754342214,0,17,2,-1.156576911253648,3,-0.3832616220139916,1.0,-1.266300978964431,0
-0.9828865223829869,1,27,1,1.7596885597293177,2,-0.6091024218621562,1.0,-0.047041317791064824,0
-0.2268045711772101,1,29,0,-0.4275105435079065,1,-0.9760937216154236,1.0,0.40734438215287216,0
-0.34196663976588665,0,40,1,-0.9883308263892461,3,-0.5102970719285842,1.0,-0.9945774985028513,2
